USE [HospitalDb]
GO
SET IDENTITY_INSERT [dbo].[Persons] ON 

INSERT [dbo].[Persons] ([Id], [Name], [Surname], [Email_Adress], [Address_Street], [Address_Number], [Address_City], [Address_Township], [Address_PostCode], [Gender], [BirthDate], [Role], [Jmbg_Value], [Deleted]) VALUES (1, N'Pera', N'Peric', N'pera@gmail.com', N'A', N'1a', N'A', N'A', N'21000', 0, CAST(N'2000-01-01T00:00:00.0000000' AS DateTime2), 2, 1212000800012, 0)
INSERT [dbo].[Persons] ([Id], [Name], [Surname], [Email_Adress], [Address_Street], [Address_Number], [Address_City], [Address_Township], [Address_PostCode], [Gender], [BirthDate], [Role], [Jmbg_Value], [Deleted]) VALUES (2, N'Marko', N'Markovic', N'marko@gmail.com', N'A', N'1a', N'A', N'A', N'21000', 0, CAST(N'2000-01-01T00:00:00.0000000' AS DateTime2), 0, 1212000800012, 0)
INSERT [dbo].[Persons] ([Id], [Name], [Surname], [Email_Adress], [Address_Street], [Address_Number], [Address_City], [Address_Township], [Address_PostCode], [Gender], [BirthDate], [Role], [Jmbg_Value], [Deleted]) VALUES (3, N'Janko', N'Jankovic', N'janko@gmail.com', N'A', N'1a', N'A', N'A', N'21000', 0, CAST(N'2000-01-01T00:00:00.0000000' AS DateTime2), 0, 1212000800012, 0)
INSERT [dbo].[Persons] ([Id], [Name], [Surname], [Email_Adress], [Address_Street], [Address_Number], [Address_City], [Address_Township], [Address_PostCode], [Gender], [BirthDate], [Role], [Jmbg_Value], [Deleted]) VALUES (4, N'Milan', N'Milankovic', N'milan@gmail.com', N'A', N'1a', N'A', N'A', N'21000', 0, CAST(N'2000-01-01T00:00:00.0000000' AS DateTime2), 0, 1212000800012, 0)
INSERT [dbo].[Persons] ([Id], [Name], [Surname], [Email_Adress], [Address_Street], [Address_Number], [Address_City], [Address_Township], [Address_PostCode], [Gender], [BirthDate], [Role], [Jmbg_Value], [Deleted]) VALUES (5, N'Milica', N'Micic', N'milica@gmail.com', N'A', N'1a', N'A', N'A', N'21000', 1, CAST(N'2000-01-01T00:00:00.0000000' AS DateTime2), 0, 1212000800012, 0)
INSERT [dbo].[Persons] ([Id], [Name], [Surname], [Email_Adress], [Address_Street], [Address_Number], [Address_City], [Address_Township], [Address_PostCode], [Gender], [BirthDate], [Role], [Jmbg_Value], [Deleted]) VALUES (6, N'Dragana', N'Dragic', N'dragana@gmail.com', N'A', N'1a', N'A', N'A', N'21000', 1, CAST(N'2000-01-01T00:00:00.0000000' AS DateTime2), 0, 1212000800012, 0)
INSERT [dbo].[Persons] ([Id], [Name], [Surname], [Email_Adress], [Address_Street], [Address_Number], [Address_City], [Address_Township], [Address_PostCode], [Gender], [BirthDate], [Role], [Jmbg_Value], [Deleted]) VALUES (7, N'Jovana', N'Jovanovic', N'jovana@gmail.com', N'A', N'1a', N'A', N'A', N'21000', 1, CAST(N'2000-01-01T00:00:00.0000000' AS DateTime2), 0, 1212000800012, 0)
INSERT [dbo].[Persons] ([Id], [Name], [Surname], [Email_Adress], [Address_Street], [Address_Number], [Address_City], [Address_Township], [Address_PostCode], [Gender], [BirthDate], [Role], [Jmbg_Value], [Deleted]) VALUES (8, N'Ana', N'Anic', N'ana@gmail.com', N'A', N'2', N'Aa', N'Aa', N'21000', 1, CAST(N'2022-08-09T00:00:00.0000000' AS DateTime2), 1, 1212000800012, 0)
INSERT [dbo].[Persons] ([Id], [Name], [Surname], [Email_Adress], [Address_Street], [Address_Number], [Address_City], [Address_Township], [Address_PostCode], [Gender], [BirthDate], [Role], [Jmbg_Value], [Deleted]) VALUES (9, N'Nevena', N'Nevic', N'nevena@gmail.com', N'A', N'2', N'Aa', N'Aa', N'21000', 1, CAST(N'2022-08-09T00:00:00.0000000' AS DateTime2), 1, 1212000800012, 0)
INSERT [dbo].[Persons] ([Id], [Name], [Surname], [Email_Adress], [Address_Street], [Address_Number], [Address_City], [Address_Township], [Address_PostCode], [Gender], [BirthDate], [Role], [Jmbg_Value], [Deleted]) VALUES (10, N'Milos', N'Milic', N'milos@gmail.com', N'A', N'2', N'Aa', N'Aa', N'21000', 0, CAST(N'2022-08-09T00:00:00.0000000' AS DateTime2), 1, 1212000800012, 0)
INSERT [dbo].[Persons] ([Id], [Name], [Surname], [Email_Adress], [Address_Street], [Address_Number], [Address_City], [Address_Township], [Address_PostCode], [Gender], [BirthDate], [Role], [Jmbg_Value], [Deleted]) VALUES (11, N'Nada', N'Nadic', N'nada@gmail.com', N'A', N'1a', N'A', N'A', N'21000', 1, CAST(N'2000-01-01T00:00:00.0000000' AS DateTime2), 1, 1212000800012, 0)
INSERT [dbo].[Persons] ([Id], [Name], [Surname], [Email_Adress], [Address_Street], [Address_Number], [Address_City], [Address_Township], [Address_PostCode], [Gender], [BirthDate], [Role], [Jmbg_Value], [Deleted]) VALUES (12, N'Mikica', N'Mikicovic', N'milicaisavic24@gmail.com', N'A', N'1a', N'A', N'A', N'21000', 0, CAST(N'2000-01-01T00:00:00.0000000' AS DateTime2), 1, 1212000800012, 0)
INSERT [dbo].[Persons] ([Id], [Name], [Surname], [Email_Adress], [Address_Street], [Address_Number], [Address_City], [Address_Township], [Address_PostCode], [Gender], [BirthDate], [Role], [Jmbg_Value], [Deleted]) VALUES (13, N'Tara', N'Taric', N'tara@gmail.com', N'A', N'2', N'Aa', N'Aa', N'21000', 1, CAST(N'2022-08-09T00:00:00.0000000' AS DateTime2), 1, 1212000800012, 0)
INSERT [dbo].[Persons] ([Id], [Name], [Surname], [Email_Adress], [Address_Street], [Address_Number], [Address_City], [Address_Township], [Address_PostCode], [Gender], [BirthDate], [Role], [Jmbg_Value], [Deleted]) VALUES (14, N'Novica', N'Novicic', N'novica@gmail.com', N'A', N'2', N'Aa', N'Aa', N'21000', 0, CAST(N'2022-08-09T00:00:00.0000000' AS DateTime2), 1, 1212000800012, 0)

SET IDENTITY_INSERT [dbo].[Persons] OFF
GO
SET IDENTITY_INSERT [dbo].[Allergies] ON 

INSERT [dbo].[Allergies] ([Id], [Name], [Deleted]) VALUES (1, N'Polen', 0)
INSERT [dbo].[Allergies] ([Id], [Name], [Deleted]) VALUES (2, N'Dust', 0)
INSERT [dbo].[Allergies] ([Id], [Name], [Deleted]) VALUES (3, N'Animal fur', 0)
INSERT [dbo].[Allergies] ([Id], [Name], [Deleted]) VALUES (4, N'Penicilin', 0)
INSERT [dbo].[Allergies] ([Id], [Name], [Deleted]) VALUES (5, N'Aspirin', 0)
INSERT [dbo].[Allergies] ([Id], [Name], [Deleted]) VALUES (6, N'Ibuprofen', 0)
INSERT [dbo].[Allergies] ([Id], [Name], [Deleted]) VALUES (7, N'Peanuts', 0)
INSERT [dbo].[Allergies] ([Id], [Name], [Deleted]) VALUES (8, N'Gluten', 0)
INSERT [dbo].[Allergies] ([Id], [Name], [Deleted]) VALUES (9, N'Lactose', 0)
INSERT [dbo].[Allergies] ([Id], [Name], [Deleted]) VALUES (10, N'Shellfish', 0)
INSERT [dbo].[Allergies] ([Id], [Name], [Deleted]) VALUES (11, N'Wheat', 0)
INSERT [dbo].[Allergies] ([Id], [Name], [Deleted]) VALUES (12, N'Nuts', 0)
INSERT [dbo].[Allergies] ([Id], [Name], [Deleted]) VALUES (13, N'Soybeans', 0)
SET IDENTITY_INSERT [dbo].[Allergies] OFF

GO
SET IDENTITY_INSERT [dbo].[PatientAllergies] ON 

INSERT [dbo].[PatientAllergies] ([Id], [PatientId], [AllergyId], [Deleted]) VALUES (1, 8, 4, 0)
INSERT [dbo].[PatientAllergies] ([Id], [PatientId], [AllergyId], [Deleted]) VALUES (2, 8, 5, 0)
INSERT [dbo].[PatientAllergies] ([Id], [PatientId], [AllergyId], [Deleted]) VALUES (3, 8, 3, 0)
INSERT [dbo].[PatientAllergies] ([Id], [PatientId], [AllergyId], [Deleted]) VALUES (4, 9, 4, 0)
INSERT [dbo].[PatientAllergies] ([Id], [PatientId], [AllergyId], [Deleted]) VALUES (5, 9, 5, 0)
INSERT [dbo].[PatientAllergies] ([Id], [PatientId], [AllergyId], [Deleted]) VALUES (6, 9, 3, 0)
INSERT [dbo].[PatientAllergies] ([Id], [PatientId], [AllergyId], [Deleted]) VALUES (7, 10, 7, 0)
INSERT [dbo].[PatientAllergies] ([Id], [PatientId], [AllergyId], [Deleted]) VALUES (8, 10, 5, 0)
INSERT [dbo].[PatientAllergies] ([Id], [PatientId], [AllergyId], [Deleted]) VALUES (9, 11, 11, 0)
INSERT [dbo].[PatientAllergies] ([Id], [PatientId], [AllergyId], [Deleted]) VALUES (10, 12, 4, 0)
INSERT [dbo].[PatientAllergies] ([Id], [PatientId], [AllergyId], [Deleted]) VALUES (11, 13, 4, 0)
INSERT [dbo].[PatientAllergies] ([Id], [PatientId], [AllergyId], [Deleted]) VALUES (12, 14, 3, 0)
SET IDENTITY_INSERT [dbo].[PatientAllergies] OFF
GO
SET IDENTITY_INSERT [dbo].[Doctors] ON 

INSERT [dbo].[Doctors] ([Id], [Specialization], [PersonId], [Deleted]) VALUES (1, 0, 2, 0)
INSERT [dbo].[Doctors] ([Id], [Specialization], [PersonId], [Deleted]) VALUES (2, 1, 3, 0)
INSERT [dbo].[Doctors] ([Id], [Specialization], [PersonId], [Deleted]) VALUES (3, 0, 4, 0)
INSERT [dbo].[Doctors] ([Id], [Specialization], [PersonId], [Deleted]) VALUES (4, 0, 5, 0)
INSERT [dbo].[Doctors] ([Id], [Specialization], [PersonId], [Deleted]) VALUES (5, 0, 6, 0)
INSERT [dbo].[Doctors] ([Id], [Specialization], [PersonId], [Deleted]) VALUES (6, 0, 7, 0)
SET IDENTITY_INSERT [dbo].[Doctors] OFF
GO
SET IDENTITY_INSERT [dbo].[Patients] ON 

INSERT [dbo].[Patients] ([Id], [BloodType], [PersonId], [DoctorId], [Deleted]) VALUES (1, 0, 8, 1, 0)
INSERT [dbo].[Patients] ([Id], [BloodType], [PersonId], [DoctorId], [Deleted]) VALUES (2, 0, 9, 1, 0)
INSERT [dbo].[Patients] ([Id], [BloodType], [PersonId], [DoctorId], [Deleted]) VALUES (3, 0, 10, 2, 0)
INSERT [dbo].[Patients] ([Id], [BloodType], [PersonId], [DoctorId], [Deleted]) VALUES (4, 1, 11, 1, 0)
INSERT [dbo].[Patients] ([Id], [BloodType], [PersonId], [DoctorId], [Deleted]) VALUES (5, 2, 12, 1, 0)
INSERT [dbo].[Patients] ([Id], [BloodType], [PersonId], [DoctorId], [Deleted]) VALUES (6, 3, 13, 2, 0)
INSERT [dbo].[Patients] ([Id], [BloodType], [PersonId], [DoctorId], [Deleted]) VALUES (7, 0, 14, 2, 0)

SET IDENTITY_INSERT [dbo].[Patients] OFF
GO
INSERT [dbo].[AspNetRoles] ([Id], [Name], [NormalizedName], [ConcurrencyStamp]) VALUES (N'58f7fb5f-09dc-4bee-813f-4e47940650c4', N'Manager', N'MANAGER', N'76feb459-393f-45d5-be10-46df582dd946')
INSERT [dbo].[AspNetRoles] ([Id], [Name], [NormalizedName], [ConcurrencyStamp]) VALUES (N'93000374-46d9-44ef-ac96-6db416a28770', N'Doctor', N'DOCTOR', N'9a23c8cc-acc0-4b5a-a247-3f5298277b76')
INSERT [dbo].[AspNetRoles] ([Id], [Name], [NormalizedName], [ConcurrencyStamp]) VALUES (N'd20bd231-b1fe-477b-be40-e4e38be41762', N'Patient', N'PATIENT', N'bb721e26-c59c-4ab5-be3e-63940807d492')
INSERT [dbo].[AspNetRoles] ([Id], [Name], [NormalizedName], [ConcurrencyStamp]) VALUES (N'A8E3A800-3B37-4891-96E0-60664BF0167B', N'BloodBank', N'BLOODBANK', N'55AD6AD6-0AAD-4917-8F61-1B5599E50EAD')
GO
INSERT [dbo].[AspNetUsers] ([Id], [UserName], [NormalizedUserName], [Email], [NormalizedEmail], [EmailConfirmed], [PasswordHash], [SecurityStamp], [ConcurrencyStamp], [PhoneNumber], [PhoneNumberConfirmed], [TwoFactorEnabled], [LockoutEnd], [LockoutEnabled], [AccessFailedCount]) VALUES (N'16630510-68af-400b-918b-8d72e0a1fcab', N'milica', N'MILICA', N'milica@gmail.com', N'MILICA@GMAIL.COM', 1, N'AQAAAAEAACcQAAAAEOv41QzJaDJ5FjhdPJsX7H9tBw+6IuQyC6QOcfbOWzMQ4eq5sUKB1ycSBjWPMDj21A==', N'VCMAUXWI2NIUUED5XFA3BZSKI3PTEJFA', N'0deb28c5-88b3-4bcb-aa97-9d4be97c9f01', NULL, 0, 0, NULL, 1, 0)
INSERT [dbo].[AspNetUsers] ([Id], [UserName], [NormalizedUserName], [Email], [NormalizedEmail], [EmailConfirmed], [PasswordHash], [SecurityStamp], [ConcurrencyStamp], [PhoneNumber], [PhoneNumberConfirmed], [TwoFactorEnabled], [LockoutEnd], [LockoutEnabled], [AccessFailedCount]) VALUES (N'28138a9e-fefc-49da-93d2-d71e02216e8c', N'dragana', N'DRAGANA', N'dragana@gmail.com', N'DRAGANA@GMAIL.COM', 1, N'AQAAAAEAACcQAAAAEPtgIoIqeWwde8LEfknpuKQ5wa5JGsEqkLIjHkuw1gMnTezpa4lELzXY/rfgViU7mA==', N'GWLENLN75TXBR2LHEXELFSM4G6LU6H3T', N'63493bcd-67c2-4f10-8369-84631fef0dc0', NULL, 0, 0, NULL, 1, 0)
INSERT [dbo].[AspNetUsers] ([Id], [UserName], [NormalizedUserName], [Email], [NormalizedEmail], [EmailConfirmed], [PasswordHash], [SecurityStamp], [ConcurrencyStamp], [PhoneNumber], [PhoneNumberConfirmed], [TwoFactorEnabled], [LockoutEnd], [LockoutEnabled], [AccessFailedCount]) VALUES (N'364f540b-b357-4bbd-808f-7f429c76031f', N'janko', N'JANKO', N'janko@gmail.com', N'JANKO@GMAIL.COM', 1, N'AQAAAAEAACcQAAAAELwzSZlXeoxO15fKW6nL+WuGTfghG4UwdTeNRo8nW9r/q3IpPWjcFOZOkdUF+MPEhw==', N'LEJRYF6F6LOICMY75PQQPH56GCDKZFHU', N'bb97593c-2676-4a15-8f87-bd939e2edf64', NULL, 0, 0, NULL, 1, 0)
INSERT [dbo].[AspNetUsers] ([Id], [UserName], [NormalizedUserName], [Email], [NormalizedEmail], [EmailConfirmed], [PasswordHash], [SecurityStamp], [ConcurrencyStamp], [PhoneNumber], [PhoneNumberConfirmed], [TwoFactorEnabled], [LockoutEnd], [LockoutEnabled], [AccessFailedCount]) VALUES (N'78309e36-da31-41ee-b9a4-bfa8351ceac6', N'milos', N'MILOS', N'milos@gmail.com', N'MILOS@GMAIL.COM', 1, N'AQAAAAEAACcQAAAAEAlG5cVyFG2Bi9NwvqhmwnfZWRzw3Kh+aoH8rhVrNWG6TK8DAVgvhdsZ1n1wzLzQbA==', N'EWBMLHK44TLBW675KO3A4CIMLAZYQCTU', N'1f607f87-1ae8-4fbe-aa41-be97e1b915e4', NULL, 0, 0, NULL, 1, 0)
INSERT [dbo].[AspNetUsers] ([Id], [UserName], [NormalizedUserName], [Email], [NormalizedEmail], [EmailConfirmed], [PasswordHash], [SecurityStamp], [ConcurrencyStamp], [PhoneNumber], [PhoneNumberConfirmed], [TwoFactorEnabled], [LockoutEnd], [LockoutEnabled], [AccessFailedCount]) VALUES (N'84c97761-e58a-4fdc-ab43-c2c3fd099066', N'milan', N'MILAN', N'milan@gmail.com', N'MILAN@GMAIL.COM', 1, N'AQAAAAEAACcQAAAAEOMN52pRJzxDxqlhMrYz8iYa9FlPRciBOQd/ukFTSwBsZdZ9uQ590CpZo/S5cul0fg==', N'O3ZVE5MGGUNGRX3ZWSIBAGHCZ5A2OYMP', N'a2ae57be-9fc0-4cde-96e8-61e7151aabc0', NULL, 0, 0, NULL, 1, 0)
INSERT [dbo].[AspNetUsers] ([Id], [UserName], [NormalizedUserName], [Email], [NormalizedEmail], [EmailConfirmed], [PasswordHash], [SecurityStamp], [ConcurrencyStamp], [PhoneNumber], [PhoneNumberConfirmed], [TwoFactorEnabled], [LockoutEnd], [LockoutEnabled], [AccessFailedCount]) VALUES (N'b9eb173b-ab50-434e-88ac-75950696ecaf', N'jovana', N'JOVANA', N'jovana@gmail.com', N'JOVANA@GMAIL.COM', 1, N'AQAAAAEAACcQAAAAEJFuC8cEIz3crGPQ4dACeiodrti0xyk05Q9luniTkaqfhwul/aOqkq92guAvbnN57g==', N'YJAGTM2BXJ7EYS76ZXFYKZXZQ5JJIV5I', N'66c44794-6fee-4bb8-a675-abc45c5504e7', NULL, 0, 0, NULL, 1, 0)
INSERT [dbo].[AspNetUsers] ([Id], [UserName], [NormalizedUserName], [Email], [NormalizedEmail], [EmailConfirmed], [PasswordHash], [SecurityStamp], [ConcurrencyStamp], [PhoneNumber], [PhoneNumberConfirmed], [TwoFactorEnabled], [LockoutEnd], [LockoutEnabled], [AccessFailedCount]) VALUES (N'bcdd59c6-9ec3-42b3-a196-6ccdda4f06cc', N'pera', N'PERA', N'pera@gmail.com', N'PERA@GMAIL.COM', 1, N'AQAAAAEAACcQAAAAEHMCuQqkPmsjAzSOnkRVcihtbPTUUZL7Y0jz8o4flDycU60eAMVfUP+SxPe8xZQDJQ==', N'W3EUS2BHBTUOUMHZX2HASSY4LMR6HPSJ', N'4b5ed517-ba39-4540-98aa-5a7d49f03f6d', NULL, 0, 0, NULL, 1, 0)
INSERT [dbo].[AspNetUsers] ([Id], [UserName], [NormalizedUserName], [Email], [NormalizedEmail], [EmailConfirmed], [PasswordHash], [SecurityStamp], [ConcurrencyStamp], [PhoneNumber], [PhoneNumberConfirmed], [TwoFactorEnabled], [LockoutEnd], [LockoutEnabled], [AccessFailedCount]) VALUES (N'dff84bd5-c5dc-4205-99f7-0fb4e174e2ab', N'nevena', N'NEVENA', N'nevena@gmail.com', N'NEVENA@GMAIL.COM', 1, N'AQAAAAEAACcQAAAAEC9/DhP55BxYyGUWuAW5q4uf3nRrARqZIXmUNqZLi2NlVFAjcPfl5VxMvmK1exRqZQ==', N'B6CE6L7XTNT3U53JGTDJANTMRQTG6TM7', N'9ecfa6c4-38b6-481b-a9ff-4ca6064b3e1f', NULL, 0, 0, NULL, 1, 0)
INSERT [dbo].[AspNetUsers] ([Id], [UserName], [NormalizedUserName], [Email], [NormalizedEmail], [EmailConfirmed], [PasswordHash], [SecurityStamp], [ConcurrencyStamp], [PhoneNumber], [PhoneNumberConfirmed], [TwoFactorEnabled], [LockoutEnd], [LockoutEnabled], [AccessFailedCount]) VALUES (N'e75222d6-a345-4d3f-a394-56fcab7a9eef', N'marko', N'MARKO', N'marko@gmail.com', N'MARKO@GMAIL.COM', 1, N'AQAAAAEAACcQAAAAEEapcOaqmCyvIxxTEU38/dg5aKlNTtwRDNdMrllGDoAKQrd3pCeQr4UXFvDDpd/cRw==', N'IC27RMZ2HRRGYNTBCYXFDIOGM34KQDJM', N'8abd6e3f-0de8-445f-9c39-b543a42e5702', NULL, 0, 0, NULL, 1, 0)
INSERT [dbo].[AspNetUsers] ([Id], [UserName], [NormalizedUserName], [Email], [NormalizedEmail], [EmailConfirmed], [PasswordHash], [SecurityStamp], [ConcurrencyStamp], [PhoneNumber], [PhoneNumberConfirmed], [TwoFactorEnabled], [LockoutEnd], [LockoutEnabled], [AccessFailedCount]) VALUES (N'ff7017b3-2807-4004-bf9d-8342ecd0c774', N'ana', N'ANA', N'ana@gmail.com', N'ANA@GMAIL.COM', 1, N'AQAAAAEAACcQAAAAEOhRhhUyOLs1WuvXjzIyzQqn2pprBcoAI/d/+i/tKvs5/LvyAoaX9SuQWFf/3kjNNw==', N'BJX6MGB7DMKTK54GDK7RJXMSTUJTCPBU', N'fff8a30f-dbb7-43f8-aeb5-fbd32b0bebb2', NULL, 0, 0, NULL, 1, 0)
INSERT [dbo].[AspNetUsers] ([Id], [UserName], [NormalizedUserName], [Email], [NormalizedEmail], [EmailConfirmed], [PasswordHash], [SecurityStamp], [ConcurrencyStamp], [PhoneNumber], [PhoneNumberConfirmed], [TwoFactorEnabled], [LockoutEnd], [LockoutEnabled], [AccessFailedCount]) VALUES (N'565A6BAB-A5FA-49B3-AD4B-E2D2F7E8D2D8', N'bloodymary@gmail.com', N'BLOODYMARY@GMAIL.COM', N'bloodymary@gmail.com', N'BLOODYMARY@GMAIL.COM', 1, N'AQAAAAEAACcQAAAAEOHFDR+mJDlGtm+fN/X/FJwko1DbDbckE+GJqagCFH+zrIN3XoIRfLvX0V6aCaqQlA==', N'ADQQLK2P5TFSHBNM7QC5DKLFJKX2IWFS', N'535055b8-396d-42d2-a933-6c212b6a5745', NULL, 0, 0, NULL, 1, 0)
INSERT [dbo].[AspNetUsers] ([Id], [UserName], [NormalizedUserName], [Email], [NormalizedEmail], [EmailConfirmed], [PasswordHash], [SecurityStamp], [ConcurrencyStamp], [PhoneNumber], [PhoneNumberConfirmed], [TwoFactorEnabled], [LockoutEnd], [LockoutEnabled], [AccessFailedCount]) VALUES (N'E03E7D88-8D56-4C27-9859-EAE5F85ED989', N'bloodyhell@gmail.com', N'BLOODYHELL@GMAIL.COM', N'bloodyhell@gmail.com', N'BLOODYHELL@GMAIL.COM', 1, N'AQAAAAEAACcQAAAAEF3+Q2qD6z/xiyZZkAi9aSjmiypo+7a7PAx4jr2eY04j29WiVd8UwH05DlAM8cwIdw==', N'VIP5KHIORRRUZQOZ3UEKTEC3JBWMAADY', N'ebefa475-47e8-4dab-9089-43258ed0fc6d', NULL, 0, 0, NULL, 1, 0)
INSERT [dbo].[AspNetUsers] ([Id], [UserName], [NormalizedUserName], [Email], [NormalizedEmail], [EmailConfirmed], [PasswordHash], [SecurityStamp], [ConcurrencyStamp], [PhoneNumber], [PhoneNumberConfirmed], [TwoFactorEnabled], [LockoutEnd], [LockoutEnabled], [AccessFailedCount]) VALUES (N'E801FB99-1373-40B1-B82B-A1FA734C524F', N'newlife@gmail.com', N'NEWLIFE@GMAIL.COM', N'newlife@gmail.com', N'NEWLIFE@GMAIL.COM', 1, N'AQAAAAEAACcQAAAAELh3K1zfEa6rqqlM2yH8nd1DPiRMh/dXiyg9nyQrnHxKfyj9vUIwMuOySoJkYVRzEw==', N'VLZGWZ7CWIZOUSF3UELHZUYPFYWAG6RP', N'd39dec01-e0b9-48d2-86c5-38a003e8f110', NULL, 0, 0, NULL, 1, 0)
GO
INSERT [dbo].[AspNetUserRoles] ([UserId], [RoleId]) VALUES (N'bcdd59c6-9ec3-42b3-a196-6ccdda4f06cc', N'58f7fb5f-09dc-4bee-813f-4e47940650c4')
INSERT [dbo].[AspNetUserRoles] ([UserId], [RoleId]) VALUES (N'16630510-68af-400b-918b-8d72e0a1fcab', N'93000374-46d9-44ef-ac96-6db416a28770')
INSERT [dbo].[AspNetUserRoles] ([UserId], [RoleId]) VALUES (N'28138a9e-fefc-49da-93d2-d71e02216e8c', N'93000374-46d9-44ef-ac96-6db416a28770')
INSERT [dbo].[AspNetUserRoles] ([UserId], [RoleId]) VALUES (N'364f540b-b357-4bbd-808f-7f429c76031f', N'93000374-46d9-44ef-ac96-6db416a28770')
INSERT [dbo].[AspNetUserRoles] ([UserId], [RoleId]) VALUES (N'84c97761-e58a-4fdc-ab43-c2c3fd099066', N'93000374-46d9-44ef-ac96-6db416a28770')
INSERT [dbo].[AspNetUserRoles] ([UserId], [RoleId]) VALUES (N'b9eb173b-ab50-434e-88ac-75950696ecaf', N'93000374-46d9-44ef-ac96-6db416a28770')
INSERT [dbo].[AspNetUserRoles] ([UserId], [RoleId]) VALUES (N'e75222d6-a345-4d3f-a394-56fcab7a9eef', N'93000374-46d9-44ef-ac96-6db416a28770')
INSERT [dbo].[AspNetUserRoles] ([UserId], [RoleId]) VALUES (N'78309e36-da31-41ee-b9a4-bfa8351ceac6', N'd20bd231-b1fe-477b-be40-e4e38be41762')
INSERT [dbo].[AspNetUserRoles] ([UserId], [RoleId]) VALUES (N'dff84bd5-c5dc-4205-99f7-0fb4e174e2ab', N'd20bd231-b1fe-477b-be40-e4e38be41762')
INSERT [dbo].[AspNetUserRoles] ([UserId], [RoleId]) VALUES (N'ff7017b3-2807-4004-bf9d-8342ecd0c774', N'd20bd231-b1fe-477b-be40-e4e38be41762')
INSERT [dbo].[AspNetUserRoles] ([UserId], [RoleId]) VALUES (N'565A6BAB-A5FA-49B3-AD4B-E2D2F7E8D2D8', N'A8E3A800-3B37-4891-96E0-60664BF0167B')
INSERT [dbo].[AspNetUserRoles] ([UserId], [RoleId]) VALUES (N'E03E7D88-8D56-4C27-9859-EAE5F85ED989', N'A8E3A800-3B37-4891-96E0-60664BF0167B')
INSERT [dbo].[AspNetUserRoles] ([UserId], [RoleId]) VALUES (N'E801FB99-1373-40B1-B82B-A1FA734C524F', N'A8E3A800-3B37-4891-96E0-60664BF0167B')

GO
SET IDENTITY_INSERT [dbo].[AspNetUserClaims] ON 

INSERT [dbo].[AspNetUserClaims] ([Id], [UserId], [ClaimType], [ClaimValue]) VALUES (1, N'bcdd59c6-9ec3-42b3-a196-6ccdda4f06cc', N'UserId', N'1')
INSERT [dbo].[AspNetUserClaims] ([Id], [UserId], [ClaimType], [ClaimValue]) VALUES (2, N'e75222d6-a345-4d3f-a394-56fcab7a9eef', N'UserId', N'2')
INSERT [dbo].[AspNetUserClaims] ([Id], [UserId], [ClaimType], [ClaimValue]) VALUES (3, N'364f540b-b357-4bbd-808f-7f429c76031f', N'UserId', N'3')
INSERT [dbo].[AspNetUserClaims] ([Id], [UserId], [ClaimType], [ClaimValue]) VALUES (4, N'84c97761-e58a-4fdc-ab43-c2c3fd099066', N'UserId', N'4')
INSERT [dbo].[AspNetUserClaims] ([Id], [UserId], [ClaimType], [ClaimValue]) VALUES (5, N'16630510-68af-400b-918b-8d72e0a1fcab', N'UserId', N'5')
INSERT [dbo].[AspNetUserClaims] ([Id], [UserId], [ClaimType], [ClaimValue]) VALUES (6, N'28138a9e-fefc-49da-93d2-d71e02216e8c', N'UserId', N'6')
INSERT [dbo].[AspNetUserClaims] ([Id], [UserId], [ClaimType], [ClaimValue]) VALUES (7, N'b9eb173b-ab50-434e-88ac-75950696ecaf', N'UserId', N'7')
INSERT [dbo].[AspNetUserClaims] ([Id], [UserId], [ClaimType], [ClaimValue]) VALUES (8, N'ff7017b3-2807-4004-bf9d-8342ecd0c774', N'UserId', N'8')
INSERT [dbo].[AspNetUserClaims] ([Id], [UserId], [ClaimType], [ClaimValue]) VALUES (9, N'dff84bd5-c5dc-4205-99f7-0fb4e174e2ab', N'UserId', N'9')
INSERT [dbo].[AspNetUserClaims] ([Id], [UserId], [ClaimType], [ClaimValue]) VALUES (10, N'78309e36-da31-41ee-b9a4-bfa8351ceac6', N'UserId', N'10')
INSERT [dbo].[AspNetUserClaims] ([Id], [UserId], [ClaimType], [ClaimValue]) VALUES (11, N'565A6BAB-A5FA-49B3-AD4B-E2D2F7E8D2D8', N'UserId', N'11')
INSERT [dbo].[AspNetUserClaims] ([Id], [UserId], [ClaimType], [ClaimValue]) VALUES (12, N'E03E7D88-8D56-4C27-9859-EAE5F85ED989', N'UserId', N'12')
INSERT [dbo].[AspNetUserClaims] ([Id], [UserId], [ClaimType], [ClaimValue]) VALUES (13, N'E801FB99-1373-40B1-B82B-A1FA734C524F', N'UserId', N'13')

SET IDENTITY_INSERT [dbo].[AspNetUserClaims] OFF
GO
INSERT [dbo].[__EFMigrationsHistory] ([MigrationId], [ProductVersion]) VALUES (N'20221105154724_AddIdentity', N'5.0.17')
GO
SET IDENTITY_INSERT [dbo].[Rooms] ON 

INSERT [dbo].[Rooms] ([Id], [Number_Name], [RoomType], [Floor_Floor], [Deleted]) VALUES (1, N'101A', 5,  1, 0)
INSERT [dbo].[Rooms] ([Id], [Number_Name], [RoomType], [Floor_Floor], [Deleted]) VALUES (2, N'204C', 5, 2, 0)
INSERT [dbo].[Rooms] ([Id], [Number_Name], [RoomType], [Floor_Floor], [Deleted]) VALUES (3, N'305B', 5, 3, 0)
INSERT [dbo].[Rooms] ([Id], [Number_Name], [RoomType], [Floor_Floor], [Deleted]) VALUES (4, N'STORAGE', 0, 3, 0)

SET IDENTITY_INSERT [dbo].[Rooms] OFF
GO
SET IDENTITY_INSERT [dbo].[Appointments] ON 

INSERT [dbo].[Appointments] ([Id], [PatientId], [DoctorId], [DateTime], [CancelationDate], [Deleted]) VALUES (1, 2, 1, '2022-11-16 11:30:00', '2022-11-16 11:30:00', 0)
INSERT [dbo].[Appointments] ([Id], [PatientId], [DoctorId], [DateTime], [CancelationDate], [Deleted]) VALUES (2, 3, 1, '2022-11-12 11:30:00', '2022-11-16 11:30:00', 0)
INSERT [dbo].[Appointments] ([Id], [PatientId], [DoctorId], [DateTime], [CancelationDate], [Deleted]) VALUES (3, 4, 1, '2022-11-13 11:30:00', '2022-11-16 11:30:00', 0)
INSERT [dbo].[Appointments] ([Id], [PatientId], [DoctorId], [DateTime], [CancelationDate], [Deleted]) VALUES (4, 5, 1, '2022-11-14 11:30:00', '2022-11-16 11:30:00', 0)
INSERT [dbo].[Appointments] ([Id], [PatientId], [DoctorId], [DateTime], [CancelationDate], [Deleted]) VALUES (5, 6, 2, '2022-11-15 11:30:00', '2022-11-16 11:30:00', 0)
INSERT [dbo].[Appointments] ([Id], [PatientId], [DoctorId], [DateTime], [CancelationDate], [Deleted]) VALUES (6, 1, 1, '2022-12-19 00:00:00.0000000', '2022-12-19 00:20:00.0000000', 0)
INSERT [dbo].[Appointments] ([Id], [PatientId], [DoctorId], [DateTime], [CancelationDate], [Deleted]) VALUES (7, 1, 1, '2022-12-19 12:00:00.0000000', '2022-12-19 12:20:00.0000000', 0)
INSERT [dbo].[Appointments] ([Id], [PatientId], [DoctorId], [DateTime], [CancelationDate], [Deleted]) VALUES (8, 1, 1, '2022-12-19 13:00:00.0000000', '2022-12-19 13:20:00.0000000', 0)
INSERT [dbo].[Appointments] ([Id], [PatientId], [DoctorId], [DateTime], [CancelationDate], [Deleted]) VALUES (9, null, null, '2023-01-19 13:00:00.0000000', '2022-12-19 13:20:00.0000000', 0)
INSERT [dbo].[Appointments] ([Id], [PatientId], [DoctorId], [DateTime], [CancelationDate], [Deleted]) VALUES (10, null, null, '2023-01-20 10:00:00.0000000', '2022-12-19 10:20:00.0000000', 0)
INSERT [dbo].[Appointments] ([Id], [PatientId], [DoctorId], [DateTime], [CancelationDate], [Deleted]) VALUES (11, null, null, '2023-01-21 15:00:00.0000000', '2022-12-21 15:20:00.0000000', 0)
INSERT [dbo].[Appointments] ([Id], [PatientId], [DoctorId], [DateTime], [CancelationDate], [Deleted]) VALUES (12, null, null, '2023-01-22 10:00:00.0000000', '2022-12-19 10:20:00.0000000', 0)
INSERT [dbo].[Appointments] ([Id], [PatientId], [DoctorId], [DateTime], [CancelationDate], [Deleted]) VALUES (13, 5, 1, '2023-02-28 15:00:00.0000000', '2022-12-19 10:20:00.0000000', 0)

SET IDENTITY_INSERT [dbo].[Appointments] OFF
GO
SET IDENTITY_INSERT [dbo].[Bloods] ON 

INSERT [dbo].[Bloods] ([Id], [BloodType], [Quantity], [RoomId], [Deleted]) VALUES (1, 0, 11, 1, 0)
INSERT [dbo].[Bloods] ([Id], [BloodType], [Quantity], [RoomId], [Deleted]) VALUES (2, 2, 3, 1, 0)
INSERT [dbo].[Bloods] ([Id], [BloodType], [Quantity], [RoomId], [Deleted]) VALUES (3, 1, 10, 2, 0)
INSERT [dbo].[Bloods] ([Id], [BloodType], [Quantity], [RoomId], [Deleted]) VALUES (4, 3, 5, 3, 0)

INSERT [dbo].[Bloods] ([Id], [BloodType], [Quantity], [RoomId], [Deleted]) VALUES (5, 0, 1000, 4, 0)
INSERT [dbo].[Bloods] ([Id], [BloodType], [Quantity], [RoomId], [Deleted]) VALUES (6, 1, 1000, 4, 0)
INSERT [dbo].[Bloods] ([Id], [BloodType], [Quantity], [RoomId], [Deleted]) VALUES (7, 2, 1000, 4, 0)
INSERT [dbo].[Bloods] ([Id], [BloodType], [Quantity], [RoomId], [Deleted]) VALUES (8, 3, 1000, 4, 0)
INSERT [dbo].[Bloods] ([Id], [BloodType], [Quantity], [RoomId], [Deleted]) VALUES (9, 4, 1000, 4, 0)
INSERT [dbo].[Bloods] ([Id], [BloodType], [Quantity], [RoomId], [Deleted]) VALUES (10, 5, 1000, 4, 0)
INSERT [dbo].[Bloods] ([Id], [BloodType], [Quantity], [RoomId], [Deleted]) VALUES (11, 6, 1000, 4, 0)
INSERT [dbo].[Bloods] ([Id], [BloodType], [Quantity], [RoomId], [Deleted]) VALUES (12, 7, 1000, 4, 0)

SET IDENTITY_INSERT [dbo].[Bloods] OFF
GO
SET IDENTITY_INSERT [dbo].[Beds] ON 

INSERT [dbo].[Beds] ([Id], [Name], [BedState], [PatientId], [Quantity], [RoomId], [Deleted]) VALUES (1, 'Dekubitalni', 1, NULL, 10, 1, 0)
INSERT [dbo].[Beds] ([Id], [Name], [BedState], [PatientId], [Quantity], [RoomId], [Deleted]) VALUES (2, 'Dormeo', 0, 2, 5, 1, 0)
INSERT [dbo].[Beds] ([Id], [Name], [BedState], [PatientId], [Quantity], [RoomId], [Deleted]) VALUES (3, 'Intenzivni', 1, NULL, 3, 1, 0)
INSERT [dbo].[Beds] ([Id], [Name], [BedState], [PatientId], [Quantity], [RoomId], [Deleted]) VALUES (4, 'Poluintenzivni', 0, 3, 6, 2, 0)
INSERT [dbo].[Beds] ([Id], [Name], [BedState], [PatientId], [Quantity], [RoomId], [Deleted]) VALUES (5, 'Invalidski', 1, NULL, 8, 2, 0)
INSERT [dbo].[Beds] ([Id], [Name], [BedState], [PatientId], [Quantity], [RoomId], [Deleted]) VALUES (6, 'Dekubitalni', 1, NULL, 10, 2, 0)
INSERT [dbo].[Beds] ([Id], [Name], [BedState], [PatientId], [Quantity], [RoomId], [Deleted]) VALUES (7, 'Dormeo', 0, NULL, 4, 3, 0)
INSERT [dbo].[Beds] ([Id], [Name], [BedState], [PatientId], [Quantity], [RoomId], [Deleted]) VALUES (8, 'Intenzivni', 1, NULL, 3, 3, 0)
INSERT [dbo].[Beds] ([Id], [Name], [BedState], [PatientId], [Quantity], [RoomId], [Deleted]) VALUES (9, 'Poluintenzivni', 1, NULL, 6, 3, 0)
INSERT [dbo].[Beds] ([Id], [Name], [BedState], [PatientId], [Quantity], [RoomId], [Deleted]) VALUES (10, 'Invalidski', 1, NULL, 8, 3, 0)

SET IDENTITY_INSERT [dbo].[Beds] OFF
GO
SET IDENTITY_INSERT [dbo].[Examinations] ON 

INSERT [dbo].[Examinations] ([Id], [AppointmentId], [Report], [Deleted]) VALUES (1, 1, 'Pacijent je stigao u vrlo losem stanju. Otvoreni prelom butne kosti sa pojacanim krvarenjem.', 0)
INSERT [dbo].[Examinations] ([Id], [AppointmentId], [Report], [Deleted]) VALUES (2, 2, 'Pacijent je u vrlo lose. Prelom rebara.', 0)
INSERT [dbo].[Examinations] ([Id], [AppointmentId], [Report], [Deleted]) VALUES (3, 3, 'Pacijent je u solidnom stanju. Napuknuta lakatna kost.', 0)
INSERT [dbo].[Examinations] ([Id], [AppointmentId], [Report], [Deleted]) VALUES (4, 4, 'Pacijent je primljen nepokretan i bez svesti. Premesten hitno u operacionu salu.', 0)
INSERT [dbo].[Examinations] ([Id], [AppointmentId], [Report], [Deleted]) VALUES (5, 6, 'Pacijent je stigao sa velikim bolovima. Unutrasnje krvarenje.', 0)
INSERT [dbo].[Examinations] ([Id], [AppointmentId], [Report], [Deleted]) VALUES (6, 5, 'Pacijent je nepokretan. Premesten u sobu za hitne slucajeve.', 0)
INSERT [dbo].[Examinations] ([Id], [AppointmentId], [Report], [Deleted]) VALUES (7, 7, 'Pacijent je u bolovima sa dijagnostikovanim Enteritis salmonellosa.', 0)
INSERT [dbo].[Examinations] ([Id], [AppointmentId], [Report], [Deleted]) VALUES (8, 8, 'Pacijent je u losem stanju. Uzrokovan Enteritis campylobacterialis, tj zapaljenjem creva.', 0)


SET IDENTITY_INSERT [dbo].[Examinations] OFF
GO
SET IDENTITY_INSERT [dbo].[Symptoms] ON 

INSERT [dbo].[Symptoms] ([Id], [Name], [ExaminationId], [Deleted]) VALUES (1, 'Headache', 1, 0)
INSERT [dbo].[Symptoms] ([Id], [Name], [ExaminationId], [Deleted]) VALUES (2, 'Low pressure', 1, 0)
INSERT [dbo].[Symptoms] ([Id], [Name], [ExaminationId], [Deleted]) VALUES (3, 'Nausea', NULL, 0)
INSERT [dbo].[Symptoms] ([Id], [Name], [ExaminationId], [Deleted]) VALUES (4, 'Stomach pain', NULL, 0)
INSERT [dbo].[Symptoms] ([Id], [Name], [ExaminationId], [Deleted]) VALUES (5, 'Decreased appetite', NULL, 0)
INSERT [dbo].[Symptoms] ([Id], [Name], [ExaminationId], [Deleted]) VALUES (6, 'Diarrhea', NULL, 0)
INSERT [dbo].[Symptoms] ([Id], [Name], [ExaminationId], [Deleted]) VALUES (7, 'Muscle spasms', NULL, 0)
INSERT [dbo].[Symptoms] ([Id], [Name], [ExaminationId], [Deleted]) VALUES (8, 'Dizziness', NULL, 0)
INSERT [dbo].[Symptoms] ([Id], [Name], [ExaminationId], [Deleted]) VALUES (9, 'Visual impairment', NULL, 0)
INSERT [dbo].[Symptoms] ([Id], [Name], [ExaminationId], [Deleted]) VALUES (10, 'Tingling of the extremities', NULL, 0)
INSERT [dbo].[Symptoms] ([Id], [Name], [ExaminationId], [Deleted]) VALUES (11, 'Stifling', NULL, 0)
INSERT [dbo].[Symptoms] ([Id], [Name], [ExaminationId], [Deleted]) VALUES (12, 'Tightness in the chest', NULL, 0)
INSERT [dbo].[Symptoms] ([Id], [Name], [ExaminationId], [Deleted]) VALUES (13, 'Tachycardia', NULL, 0)
INSERT [dbo].[Symptoms] ([Id], [Name], [ExaminationId], [Deleted]) VALUES (14, 'Tiring', NULL, 0)
INSERT [dbo].[Symptoms] ([Id], [Name], [ExaminationId], [Deleted]) VALUES (15, 'Night sweats', NULL, 0)

SET IDENTITY_INSERT [dbo].[Symptoms] OFF
GO
SET IDENTITY_INSERT [dbo].[Prescriptions] ON 

INSERT [dbo].[Prescriptions] ([Id], [Description], [ExaminationId], [Deleted]) VALUES (1, 'Svaki dan 3x na osam sati, posle obroka.', 1, 0)
INSERT [dbo].[Prescriptions] ([Id], [Description], [ExaminationId], [Deleted]) VALUES (2, 'Svaki dan 1x na prazan stomak.', 2, 0)
INSERT [dbo].[Prescriptions] ([Id], [Description], [ExaminationId], [Deleted]) VALUES (3, '3x na dan, na osam sati po dve tablete.', 3, 0)
INSERT [dbo].[Prescriptions] ([Id], [Description], [ExaminationId], [Deleted]) VALUES (4, 'Svaki dan posle obroka.', 4, 0)
SET IDENTITY_INSERT [dbo].[Prescriptions] OFF
GO
SET IDENTITY_INSERT [dbo].[Medicines] ON 

INSERT [dbo].[Medicines] ([Id], [Name], [Quantity], [PrescriptionId], [RoomId], [Deleted]) VALUES (1, 'Brufen', 12, 1, 4, 0)
INSERT [dbo].[Medicines] ([Id], [Name], [Quantity], [PrescriptionId], [RoomId], [Deleted]) VALUES (2, 'Aspirin', 20, 2, 4, 0)
INSERT [dbo].[Medicines] ([Id], [Name], [Quantity], [PrescriptionId], [RoomId], [Deleted]) VALUES (3, 'Dexomen', 10, 3, 4, 0)
INSERT [dbo].[Medicines] ([Id], [Name], [Quantity], [PrescriptionId], [RoomId], [Deleted]) VALUES (4, 'Robenan', 5, 4, 4, 0)
INSERT [dbo].[Medicines] ([Id], [Name], [Quantity], [PrescriptionId], [RoomId], [Deleted]) VALUES (5, 'Fervex', 1, 1, 4, 0)
SET IDENTITY_INSERT [dbo].[Medicines] OFF
GO
SET IDENTITY_INSERT [dbo].[Therapys] ON 

INSERT [dbo].[Therapys] ([Id], [MedicineId], [BloodId], [QuantitytMedicine], [QuantityBlood], [Deleted]) VALUES (1, 2, 3, 2, 1, 0)
INSERT [dbo].[Therapys] ([Id], [MedicineId], [BloodId], [QuantitytMedicine], [QuantityBlood], [Deleted]) VALUES (2, 3, 3, 2, 1, 0)
SET IDENTITY_INSERT [dbo].[Therapys] OFF
GO
SET IDENTITY_INSERT [dbo].[Treatments] ON 

INSERT [dbo].[Treatments] ([Id], [PatientId], [DateAdmission], [DateDischarge], [ReasonForAdmission], [ReasonForDischarge], [TreatmentState], [TherapyId], [RoomId], [Deleted]) VALUES (1, 2, '2022-11-16 11:30:00', '2022-11-16 13:00:00', 'Bol u grlu', '', 1, 1, 1, 0)
INSERT [dbo].[Treatments] ([Id], [PatientId], [DateAdmission], [DateDischarge], [ReasonForAdmission], [ReasonForDischarge], [TreatmentState], [TherapyId], [RoomId], [Deleted]) VALUES (2, 3, '2022-11-17 12:30:00', '2022-11-17 16:00:00', 'Pojacano krvarenje', '', 1, 2, 2, 0)
SET IDENTITY_INSERT [dbo].[Treatments] OFF
GO
SET IDENTITY_INSERT [dbo].[WorkingDays] ON 

INSERT INTO [dbo].[WorkingDays]([Id], [Day],[StartTime],[EndTime],[DoctorId],[Deleted]) VALUES(1, 0,'2022-12-12 08:00:00.0000000','2022-12-12 18:00:00.0000000',1,0)
INSERT INTO [dbo].[WorkingDays]([Id], [Day],[StartTime],[EndTime],[DoctorId],[Deleted]) VALUES(2, 1,'2022-12-12 08:00:00.0000000','2022-12-12 18:00:00.0000000',1,0)
INSERT INTO [dbo].[WorkingDays]([Id], [Day],[StartTime],[EndTime],[DoctorId],[Deleted]) VALUES(3, 2,'2022-12-12 08:00:00.0000000','2022-12-12 18:00:00.0000000',1,0)
INSERT INTO [dbo].[WorkingDays]([Id], [Day],[StartTime],[EndTime],[DoctorId],[Deleted]) VALUES(4, 0,'2022-12-12 08:00:00.0000000','2022-12-12 18:00:00.0000000',2,0)
INSERT INTO [dbo].[WorkingDays]([Id], [Day],[StartTime],[EndTime],[DoctorId],[Deleted]) VALUES(5, 1,'2022-12-12 08:00:00.0000000','2022-12-12 18:00:00.0000000',2,0)
INSERT INTO [dbo].[WorkingDays]([Id], [Day],[StartTime],[EndTime],[DoctorId],[Deleted]) VALUES(6, 2,'2022-12-12 08:00:00.0000000','2022-12-12 18:00:00.0000000',2,0)
INSERT INTO [dbo].[WorkingDays]([Id], [Day],[StartTime],[EndTime],[DoctorId],[Deleted]) VALUES(7, 0,'2022-12-12 08:00:00.0000000','2022-12-12 18:00:00.0000000',3,0)
INSERT INTO [dbo].[WorkingDays]([Id], [Day],[StartTime],[EndTime],[DoctorId],[Deleted]) VALUES(8, 1,'2022-12-12 08:00:00.0000000','2022-12-12 18:00:00.0000000',3,0)
INSERT INTO [dbo].[WorkingDays]([Id], [Day],[StartTime],[EndTime],[DoctorId],[Deleted]) VALUES(9, 2,'2022-12-12 08:00:00.0000000','2022-12-12 18:00:00.0000000',3,0)
SET IDENTITY_INSERT [dbo].[WorkingDays] OFF
GO
SET IDENTITY_INSERT [dbo].[DoctorsCouncils] ON 

INSERT INTO [dbo].[DoctorsCouncils]([Id], [Topic], [Start], [End], [Duration], [Deleted]) VALUES(1, 'Godisnji odmori', '2022-11-16 11:30:00', '2022-11-16 13:30:00', 120, 0)
INSERT INTO [dbo].[DoctorsCouncils]([Id], [Topic], [Start], [End], [Duration], [Deleted]) VALUES(2, 'Bozicni praznici', '2022-12-17 13:10:00', '2022-12-17 13:30:00', 20, 0)
INSERT INTO [dbo].[DoctorsCouncils]([Id], [Topic], [Start], [End], [Duration], [Deleted]) VALUES(3, 'Bolovanje', '2022-10-18 10:30:00', '2022-10-18 11:00:00', 30, 0)
INSERT INTO [dbo].[DoctorsCouncils]([Id], [Topic], [Start], [End], [Duration], [Deleted]) VALUES(4, 'Dogovori oko zamene smena', '2022-11-20 14:10:00', '2022-11-20 14:30:00', 20, 0)

SET IDENTITY_INSERT [dbo].[DoctorsCouncils] OFF 
GO

INSERT INTO [dbo].[DoctorDoctorsCouncil]([CouncilsId], [DoctorsId]) VALUES(1, 2)
INSERT INTO [dbo].[DoctorDoctorsCouncil]([CouncilsId], [DoctorsId]) VALUES(1, 1)
INSERT INTO [dbo].[DoctorDoctorsCouncil]([CouncilsId], [DoctorsId]) VALUES(1, 3)
INSERT INTO [dbo].[DoctorDoctorsCouncil]([CouncilsId], [DoctorsId]) VALUES(1, 4)

INSERT INTO [dbo].[DoctorDoctorsCouncil]([CouncilsId], [DoctorsId]) VALUES(2, 2)
INSERT INTO [dbo].[DoctorDoctorsCouncil]([CouncilsId], [DoctorsId]) VALUES(2, 1)

INSERT INTO [dbo].[DoctorDoctorsCouncil]([CouncilsId], [DoctorsId]) VALUES(3, 1)
INSERT INTO [dbo].[DoctorDoctorsCouncil]([CouncilsId], [DoctorsId]) VALUES(3, 4)

INSERT INTO [dbo].[DoctorDoctorsCouncil]([CouncilsId], [DoctorsId]) VALUES(4, 3)
INSERT INTO [dbo].[DoctorDoctorsCouncil]([CouncilsId], [DoctorsId]) VALUES(4, 1)

GO
SET IDENTITY_INSERT [dbo].[DoctorExaminations]ON 

INSERT [dbo].[DoctorExaminations]([Id], [Stage],[DoctorId],[startTime],[endTime],[Deleted]) VALUES (1,4,1,'2023-01-11 16:43:56.6236649','0001-01-01 00:00:00.0000000',0	  )
INSERT [dbo].[DoctorExaminations]([Id], [Stage],[DoctorId],[startTime],[endTime],[Deleted]) VALUES (2,6,1,'2023-01-11 16:45:06.4166103','0001-01-01 00:00:00.0000000',0	  )
INSERT [dbo].[DoctorExaminations]([Id], [Stage],[DoctorId],[startTime],[endTime],[Deleted]) VALUES (3,3,1,'2023-01-11 16:54:36.9281546','0001-01-01 00:00:00.0000000',0	  )
INSERT [dbo].[DoctorExaminations]([Id], [Stage],[DoctorId],[startTime],[endTime],[Deleted]) VALUES (4,3,1,'2023-01-11 16:59:55.2350639','0001-01-01 00:00:00.0000000',0	  )
INSERT [dbo].[DoctorExaminations]([Id], [Stage],[DoctorId],[startTime],[endTime],[Deleted]) VALUES (5,7,1,'2023-01-11 17:05:03.1426259','2023-01-11 17:05:12.8069807',0	  )
INSERT [dbo].[DoctorExaminations]([Id], [Stage],[DoctorId],[startTime],[endTime],[Deleted]) VALUES (6,7,1,'2023-01-11 17:05:47.7558814','2023-01-11 17:07:44.3923814',0	  )
INSERT [dbo].[DoctorExaminations]([Id], [Stage],[DoctorId],[startTime],[endTime],[Deleted]) VALUES (7,7,1,'2023-01-11 19:46:04.7355355','2023-01-11 19:46:16.7432119',0	  )
INSERT [dbo].[DoctorExaminations]([Id], [Stage],[DoctorId],[startTime],[endTime],[Deleted]) VALUES (8,7,1,'2023-01-11 19:46:25.3146879','2023-01-11 19:46:41.6692912',0	  )
INSERT [dbo].[DoctorExaminations]([Id], [Stage],[DoctorId],[startTime],[endTime],[Deleted]) VALUES (9,7,2,'2023-01-11 19:46:51.5318359','2023-01-11 19:47:01.2526608',0	  )
INSERT [dbo].[DoctorExaminations]([Id], [Stage],[DoctorId],[startTime],[endTime],[Deleted]) VALUES (10,7,2,'2023-01-11 19:58:09.0977671','2023-01-11 19:58:14.0924922',0  )
INSERT [dbo].[DoctorExaminations]([Id], [Stage],[DoctorId],[startTime],[endTime],[Deleted]) VALUES (11,4,2,'2023-01-11 19:58:20.1748015','0001-01-01 00:00:00.0000000',0  )
INSERT [dbo].[DoctorExaminations]([Id], [Stage],[DoctorId],[startTime],[endTime],[Deleted]) VALUES (12,3,2,'2023-01-11 19:58:32.6228560','0001-01-01 00:00:00.0000000',0  )
INSERT [dbo].[DoctorExaminations]([Id], [Stage],[DoctorId],[startTime],[endTime],[Deleted]) VALUES (13,7,2,'2023-01-11 20:02:03.0145359','2023-01-11 20:02:07.2079820',0  )
INSERT [dbo].[DoctorExaminations]([Id], [Stage],[DoctorId],[startTime],[endTime],[Deleted]) VALUES (14,3,2,'2023-01-11 20:02:12.7405398','0001-01-01 00:00:00.0000000',0  )
INSERT [dbo].[DoctorExaminations]([Id], [Stage],[DoctorId],[startTime],[endTime],[Deleted]) VALUES (15,7,2,'2023-01-11 20:05:50.4646179','2023-01-11 20:06:14.4607579',0  )
INSERT [dbo].[DoctorExaminations]([Id], [Stage],[DoctorId],[startTime],[endTime],[Deleted]) VALUES (16,3,2,'2023-01-11 20:06:20.1592655','0001-01-01 00:00:00.0000000',0  )
INSERT [dbo].[DoctorExaminations]([Id], [Stage],[DoctorId],[startTime],[endTime],[Deleted]) VALUES (17,4,2,'2023-01-11 20:08:32.1587292','0001-01-01 00:00:00.0000000',0  )
INSERT [dbo].[DoctorExaminations]([Id], [Stage],[DoctorId],[startTime],[endTime],[Deleted]) VALUES (18,6,2,'2023-01-11 20:08:39.6761554','0001-01-01 00:00:00.0000000',0  )
INSERT [dbo].[DoctorExaminations]([Id], [Stage],[DoctorId],[startTime],[endTime],[Deleted]) VALUES (19,4,2,'2023-01-11 20:19:21.9059157','0001-01-01 00:00:00.0000000',0  )
INSERT [dbo].[DoctorExaminations]([Id], [Stage],[DoctorId],[startTime],[endTime],[Deleted]) VALUES (20,1,2,'2023-01-11 20:19:26.4749432','0001-01-01 00:00:00.0000000',0  )
INSERT [dbo].[DoctorExaminations]([Id], [Stage],[DoctorId],[startTime],[endTime],[Deleted]) VALUES (21,2,2,'2023-01-11 20:30:41.8093610','0001-01-01 00:00:00.0000000',0  )
INSERT [dbo].[DoctorExaminations]([Id], [Stage],[DoctorId],[startTime],[endTime],[Deleted]) VALUES (22,7,2,'2023-01-11 20:30:56.2124322','2023-01-11 20:31:17.8114265',0  )
INSERT [dbo].[DoctorExaminations]([Id], [Stage],[DoctorId],[startTime],[endTime],[Deleted]) VALUES (23,4,2,'2023-01-11 20:31:27.1663737','0001-01-01 00:00:00.0000000',0  )
INSERT [dbo].[DoctorExaminations]([Id], [Stage],[DoctorId],[startTime],[endTime],[Deleted]) VALUES (24,4,2,'2023-01-11 20:32:01.8709779','0001-01-01 00:00:00.0000000',0  )
INSERT [dbo].[DoctorExaminations]([Id], [Stage],[DoctorId],[startTime],[endTime],[Deleted]) VALUES (25,4,2,'2023-01-11 20:32:04.3018971','0001-01-01 00:00:00.0000000',0  )
INSERT [dbo].[DoctorExaminations]([Id], [Stage],[DoctorId],[startTime],[endTime],[Deleted]) VALUES (26,7,2,'2023-01-11 20:32:05.9090453','2023-01-11 20:32:10.4406613',0  )
INSERT [dbo].[DoctorExaminations]([Id], [Stage],[DoctorId],[startTime],[endTime],[Deleted]) VALUES (27,3,2,'2023-01-11 20:32:18.8771053','0001-01-01 00:00:00.0000000',0  )
INSERT [dbo].[DoctorExaminations]([Id], [Stage],[DoctorId],[startTime],[endTime],[Deleted]) VALUES (28,7,2,'2023-01-11 20:36:57.5038196','2023-01-11 20:37:03.3451032',0  )
INSERT [dbo].[DoctorExaminations]([Id], [Stage],[DoctorId],[startTime],[endTime],[Deleted]) VALUES (29,1,2,'2023-01-11 20:37:18.8552299','0001-01-01 00:00:00.0000000',0  )
INSERT [dbo].[DoctorExaminations]([Id], [Stage],[DoctorId],[startTime],[endTime],[Deleted]) VALUES (30,0,2,'2023-01-11 20:37:21.6945798','0001-01-01 00:00:00.0000000',0  )
INSERT [dbo].[DoctorExaminations]([Id], [Stage],[DoctorId],[startTime],[endTime],[Deleted]) VALUES (31,1,2,'2023-01-11 20:39:46.8676144','0001-01-01 00:00:00.0000000',0  )
INSERT [dbo].[DoctorExaminations]([Id], [Stage],[DoctorId],[startTime],[endTime],[Deleted]) VALUES (33,0,2,'2023-01-11 20:42:13.7819879','0001-01-01 00:00:00.0000000',0  )
INSERT [dbo].[DoctorExaminations]([Id], [Stage],[DoctorId],[startTime],[endTime],[Deleted]) VALUES (34,3,2,'2023-01-11 20:42:15.1308572','0001-01-01 00:00:00.0000000',0  )
INSERT [dbo].[DoctorExaminations]([Id], [Stage],[DoctorId],[startTime],[endTime],[Deleted]) VALUES (35,4,2,'2023-01-11 21:59:07.0688089','0001-01-01 00:00:00.0000000',0  )
INSERT [dbo].[DoctorExaminations]([Id], [Stage],[DoctorId],[startTime],[endTime],[Deleted]) VALUES (36,7,2,'2023-01-11 21:59:25.4288616','2023-01-11 21:59:32.8687948',0  )
INSERT [dbo].[DoctorExaminations]([Id], [Stage],[DoctorId],[startTime],[endTime],[Deleted]) VALUES (37,7,2,'2023-01-11 22:04:19.4050410','2023-01-11 22:04:56.4721564',0  )
INSERT [dbo].[DoctorExaminations]([Id], [Stage],[DoctorId],[startTime],[endTime],[Deleted]) VALUES (38,7,2,'2023-01-11 22:17:17.4401192','2023-01-11 22:17:46.5975167',0  )
INSERT [dbo].[DoctorExaminations]([Id], [Stage],[DoctorId],[startTime],[endTime],[Deleted]) VALUES (39,7,2,'2023-01-11 22:17:53.8742209','2023-01-11 22:18:14.2062286',0  )
INSERT [dbo].[DoctorExaminations]([Id], [Stage],[DoctorId],[startTime],[endTime],[Deleted]) VALUES (40,0,2,'2023-01-11 22:18:31.7692337','0001-01-01 00:00:00.0000000',0  )
INSERT [dbo].[DoctorExaminations]([Id], [Stage],[DoctorId],[startTime],[endTime],[Deleted]) VALUES (41,4,2,'2023-01-12 00:26:53.7164115','0001-01-01 00:00:00.0000000',0  )
INSERT [dbo].[DoctorExaminations]([Id], [Stage],[DoctorId],[startTime],[endTime],[Deleted]) VALUES (42,4,2,'2023-01-12 00:26:57.2954079','0001-01-01 00:00:00.0000000',0  )
INSERT [dbo].[DoctorExaminations]([Id], [Stage],[DoctorId],[startTime],[endTime],[Deleted]) VALUES (43,7,2,'2023-01-12 00:27:08.6668811','2023-01-12 00:27:15.3059491',0  )
SET IDENTITY_INSERT [dbo].[DoctorExaminations]OFF
GO
SET IDENTITY_INSERT [dbo].[DoctorExaminationEvents]ON 

INSERT [dbo].[DoctorExaminationEvents] ([Id],[AggregateId],[phase],[selectionTime],[Discriminator],[Prescriptions],[Symptoms],[Report],[Deleted]) VALUES (1,1,1,'2023-01-11 16:44:23.0070270','DoctorSelectedSymptoms',NULL,'',NULL,0							  )
INSERT [dbo].[DoctorExaminationEvents] ([Id],[AggregateId],[phase],[selectionTime],[Discriminator],[Prescriptions],[Symptoms],[Report],[Deleted]) VALUES (2,1,4,'2023-01-11 16:45:09.1264339','BackToSymptomsSelection',NULL,NULL,NULL,0					  )
INSERT [dbo].[DoctorExaminationEvents] ([Id],[AggregateId],[phase],[selectionTime],[Discriminator],[Prescriptions],[Symptoms],[Report],[Deleted]) VALUES (3,2,1,'2023-01-11 16:46:06.3338992','DoctorSelectedSymptoms',NULL,'',NULL,0							  )
INSERT [dbo].[DoctorExaminationEvents] ([Id],[AggregateId],[phase],[selectionTime],[Discriminator],[Prescriptions],[Symptoms],[Report],[Deleted]) VALUES (4,2,1,'2023-01-11 16:46:13.2421097','DoctorWriteReport',NULL,NULL,'',0								  )
INSERT [dbo].[DoctorExaminationEvents] ([Id],[AggregateId],[phase],[selectionTime],[Discriminator],[Prescriptions],[Symptoms],[Report],[Deleted]) VALUES (5,2,5,'2023-01-11 16:46:26.9769988','BackToReportWritten',NULL,NULL,NULL,0						  )
INSERT [dbo].[DoctorExaminationEvents] ([Id],[AggregateId],[phase],[selectionTime],[Discriminator],[Prescriptions],[Symptoms],[Report],[Deleted]) VALUES (6,2,1,'2023-01-11 16:46:44.8218176','DoctorWriteReport',NULL,NULL,'',0								  )
INSERT [dbo].[DoctorExaminationEvents] ([Id],[AggregateId],[phase],[selectionTime],[Discriminator],[Prescriptions],[Symptoms],[Report],[Deleted]) VALUES (7,2,1,'2023-01-11 16:47:18.2777220','DoctorSelectedPrescriptions','',NULL,NULL,0					  )
INSERT [dbo].[DoctorExaminationEvents] ([Id],[AggregateId],[phase],[selectionTime],[Discriminator],[Prescriptions],[Symptoms],[Report],[Deleted]) VALUES (8,2,6,'2023-01-11 16:47:39.1954427','BackToPrescriptionsSelection',NULL,NULL,NULL,0				  )
INSERT [dbo].[DoctorExaminationEvents] ([Id],[AggregateId],[phase],[selectionTime],[Discriminator],[Prescriptions],[Symptoms],[Report],[Deleted]) VALUES (9,3,1,'2023-01-11 16:54:42.2268503','DoctorSelectedSymptoms',NULL,'',NULL,0							  )
INSERT [dbo].[DoctorExaminationEvents] ([Id],[AggregateId],[phase],[selectionTime],[Discriminator],[Prescriptions],[Symptoms],[Report],[Deleted]) VALUES (10,3,1,'2023-01-11 16:54:46.1334332','DoctorWriteReport',NULL,NULL,'',0								  )
INSERT [dbo].[DoctorExaminationEvents] ([Id],[AggregateId],[phase],[selectionTime],[Discriminator],[Prescriptions],[Symptoms],[Report],[Deleted]) VALUES (11,3,5,'2023-01-11 16:54:50.2749543','BackToReportWritten',NULL,NULL,NULL,0						  )
INSERT [dbo].[DoctorExaminationEvents] ([Id],[AggregateId],[phase],[selectionTime],[Discriminator],[Prescriptions],[Symptoms],[Report],[Deleted]) VALUES (12,3,1,'2023-01-11 16:54:52.8141068','DoctorWriteReport',NULL,NULL,'',0								  )
INSERT [dbo].[DoctorExaminationEvents] ([Id],[AggregateId],[phase],[selectionTime],[Discriminator],[Prescriptions],[Symptoms],[Report],[Deleted]) VALUES (13,3,1,'2023-01-11 16:54:54.3932412','DoctorSelectedPrescriptions','',NULL,NULL,0					  )
INSERT [dbo].[DoctorExaminationEvents] ([Id],[AggregateId],[phase],[selectionTime],[Discriminator],[Prescriptions],[Symptoms],[Report],[Deleted]) VALUES (14,3,6,'2023-01-11 16:54:59.4581063','BackToPrescriptionsSelection',NULL,NULL,NULL,0				  )
INSERT [dbo].[DoctorExaminationEvents] ([Id],[AggregateId],[phase],[selectionTime],[Discriminator],[Prescriptions],[Symptoms],[Report],[Deleted]) VALUES (15,3,1,'2023-01-11 16:55:00.8873763','DoctorSelectedPrescriptions','',NULL,NULL,0					  )
INSERT [dbo].[DoctorExaminationEvents] ([Id],[AggregateId],[phase],[selectionTime],[Discriminator],[Prescriptions],[Symptoms],[Report],[Deleted]) VALUES (16,4,1,'2023-01-11 17:00:02.5840031','DoctorSelectedSymptoms',NULL,'',NULL,0						  )
INSERT [dbo].[DoctorExaminationEvents] ([Id],[AggregateId],[phase],[selectionTime],[Discriminator],[Prescriptions],[Symptoms],[Report],[Deleted]) VALUES (17,4,1,'2023-01-11 17:00:04.6694181','DoctorWriteReport',NULL,NULL,'',0								  )
INSERT [dbo].[DoctorExaminationEvents] ([Id],[AggregateId],[phase],[selectionTime],[Discriminator],[Prescriptions],[Symptoms],[Report],[Deleted]) VALUES (18,4,1,'2023-01-11 17:00:07.3191731','DoctorSelectedPrescriptions','',NULL,NULL,0					  )
INSERT [dbo].[DoctorExaminationEvents] ([Id],[AggregateId],[phase],[selectionTime],[Discriminator],[Prescriptions],[Symptoms],[Report],[Deleted]) VALUES (19,5,1,'2023-01-11 17:05:06.8252969','DoctorSelectedSymptoms',NULL,'',NULL,0						  )
INSERT [dbo].[DoctorExaminationEvents] ([Id],[AggregateId],[phase],[selectionTime],[Discriminator],[Prescriptions],[Symptoms],[Report],[Deleted]) VALUES (20,5,1,'2023-01-11 17:05:09.2493449','DoctorWriteReport',NULL,NULL,'',0								  )
INSERT [dbo].[DoctorExaminationEvents] ([Id],[AggregateId],[phase],[selectionTime],[Discriminator],[Prescriptions],[Symptoms],[Report],[Deleted]) VALUES (21,5,1,'2023-01-11 17:05:11.2513881','DoctorSelectedPrescriptions','',NULL,NULL,0					  )
INSERT [dbo].[DoctorExaminationEvents] ([Id],[AggregateId],[phase],[selectionTime],[Discriminator],[Prescriptions],[Symptoms],[Report],[Deleted]) VALUES (22,6,1,'2023-01-11 17:07:40.9690683','DoctorSelectedSymptoms',NULL,'',NULL,0						  )
INSERT [dbo].[DoctorExaminationEvents] ([Id],[AggregateId],[phase],[selectionTime],[Discriminator],[Prescriptions],[Symptoms],[Report],[Deleted]) VALUES (23,6,1,'2023-01-11 17:07:41.3331742','DoctorWriteReport',NULL,NULL,'',0								  )
INSERT [dbo].[DoctorExaminationEvents] ([Id],[AggregateId],[phase],[selectionTime],[Discriminator],[Prescriptions],[Symptoms],[Report],[Deleted]) VALUES (24,6,1,'2023-01-11 17:07:43.3708018','DoctorSelectedPrescriptions','',NULL,NULL,0					  )
INSERT [dbo].[DoctorExaminationEvents] ([Id],[AggregateId],[phase],[selectionTime],[Discriminator],[Prescriptions],[Symptoms],[Report],[Deleted]) VALUES (25,7,1,'2023-01-11 19:46:09.1665258','DoctorSelectedSymptoms',NULL,'',NULL,0						  )
INSERT [dbo].[DoctorExaminationEvents] ([Id],[AggregateId],[phase],[selectionTime],[Discriminator],[Prescriptions],[Symptoms],[Report],[Deleted]) VALUES (26,7,1,'2023-01-11 19:46:11.6728982','DoctorWriteReport',NULL,NULL,'',0								  )
INSERT [dbo].[DoctorExaminationEvents] ([Id],[AggregateId],[phase],[selectionTime],[Discriminator],[Prescriptions],[Symptoms],[Report],[Deleted]) VALUES (27,7,1,'2023-01-11 19:46:13.8945684','DoctorSelectedPrescriptions','',NULL,NULL,0					  )
INSERT [dbo].[DoctorExaminationEvents] ([Id],[AggregateId],[phase],[selectionTime],[Discriminator],[Prescriptions],[Symptoms],[Report],[Deleted]) VALUES (28,8,1,'2023-01-11 19:46:30.7544261','DoctorSelectedSymptoms',NULL,'',NULL,0						  )
INSERT [dbo].[DoctorExaminationEvents] ([Id],[AggregateId],[phase],[selectionTime],[Discriminator],[Prescriptions],[Symptoms],[Report],[Deleted]) VALUES (29,8,1,'2023-01-11 19:46:33.9230194','DoctorWriteReport',NULL,NULL,'',0								  )
INSERT [dbo].[DoctorExaminationEvents] ([Id],[AggregateId],[phase],[selectionTime],[Discriminator],[Prescriptions],[Symptoms],[Report],[Deleted]) VALUES (30,8,1,'2023-01-11 19:46:40.5010128','DoctorSelectedPrescriptions','',NULL,NULL,0					  )
INSERT [dbo].[DoctorExaminationEvents] ([Id],[AggregateId],[phase],[selectionTime],[Discriminator],[Prescriptions],[Symptoms],[Report],[Deleted]) VALUES (31,9,1,'2023-01-11 19:46:53.1028464','DoctorSelectedSymptoms',NULL,'',NULL,0						  )
INSERT [dbo].[DoctorExaminationEvents] ([Id],[AggregateId],[phase],[selectionTime],[Discriminator],[Prescriptions],[Symptoms],[Report],[Deleted]) VALUES (32,9,1,'2023-01-11 19:46:53.4008133','DoctorWriteReport',NULL,NULL,'',0								  )
INSERT [dbo].[DoctorExaminationEvents] ([Id],[AggregateId],[phase],[selectionTime],[Discriminator],[Prescriptions],[Symptoms],[Report],[Deleted]) VALUES (33,9,5,'2023-01-11 19:46:55.7649544','BackToReportWritten',NULL,NULL,NULL,0						  )
INSERT [dbo].[DoctorExaminationEvents] ([Id],[AggregateId],[phase],[selectionTime],[Discriminator],[Prescriptions],[Symptoms],[Report],[Deleted]) VALUES (34,9,1,'2023-01-11 19:46:56.1199781','DoctorWriteReport',NULL,NULL,'',0								  )
INSERT [dbo].[DoctorExaminationEvents] ([Id],[AggregateId],[phase],[selectionTime],[Discriminator],[Prescriptions],[Symptoms],[Report],[Deleted]) VALUES (35,9,5,'2023-01-11 19:46:57.9798370','BackToReportWritten',NULL,NULL,NULL,0						  )
INSERT [dbo].[DoctorExaminationEvents] ([Id],[AggregateId],[phase],[selectionTime],[Discriminator],[Prescriptions],[Symptoms],[Report],[Deleted]) VALUES (36,9,1,'2023-01-11 19:46:58.7976870','DoctorWriteReport',NULL,NULL,'',0								  )
INSERT [dbo].[DoctorExaminationEvents] ([Id],[AggregateId],[phase],[selectionTime],[Discriminator],[Prescriptions],[Symptoms],[Report],[Deleted]) VALUES (37,9,1,'2023-01-11 19:47:00.4941008','DoctorSelectedPrescriptions','',NULL,NULL,0					  )
INSERT [dbo].[DoctorExaminationEvents] ([Id],[AggregateId],[phase],[selectionTime],[Discriminator],[Prescriptions],[Symptoms],[Report],[Deleted]) VALUES (38,10,1,'2023-01-11 19:58:10.9121068','DoctorSelectedSymptoms',NULL,'',NULL,0						  )
INSERT [dbo].[DoctorExaminationEvents] ([Id],[AggregateId],[phase],[selectionTime],[Discriminator],[Prescriptions],[Symptoms],[Report],[Deleted]) VALUES (39,10,1,'2023-01-11 19:58:11.5576233','DoctorWriteReport',NULL,NULL,'',0							  )
INSERT [dbo].[DoctorExaminationEvents] ([Id],[AggregateId],[phase],[selectionTime],[Discriminator],[Prescriptions],[Symptoms],[Report],[Deleted]) VALUES (40,10,1,'2023-01-11 19:58:13.1806440','DoctorSelectedPrescriptions','',NULL,NULL,0					  )
INSERT [dbo].[DoctorExaminationEvents] ([Id],[AggregateId],[phase],[selectionTime],[Discriminator],[Prescriptions],[Symptoms],[Report],[Deleted]) VALUES (41,11,1,'2023-01-11 19:58:24.2466880','DoctorSelectedSymptoms',NULL,'',NULL,0						  )
INSERT [dbo].[DoctorExaminationEvents] ([Id],[AggregateId],[phase],[selectionTime],[Discriminator],[Prescriptions],[Symptoms],[Report],[Deleted]) VALUES (42,11,1,'2023-01-11 19:58:24.6971145','DoctorWriteReport',NULL,NULL,'',0							  )
INSERT [dbo].[DoctorExaminationEvents] ([Id],[AggregateId],[phase],[selectionTime],[Discriminator],[Prescriptions],[Symptoms],[Report],[Deleted]) VALUES (43,11,1,'2023-01-11 19:58:26.7965746','DoctorSelectedPrescriptions','',NULL,NULL,0					  )
INSERT [dbo].[DoctorExaminationEvents] ([Id],[AggregateId],[phase],[selectionTime],[Discriminator],[Prescriptions],[Symptoms],[Report],[Deleted]) VALUES (44,11,6,'2023-01-11 19:58:27.5325343','BackToPrescriptionsSelection',NULL,NULL,NULL,0				  )
INSERT [dbo].[DoctorExaminationEvents] ([Id],[AggregateId],[phase],[selectionTime],[Discriminator],[Prescriptions],[Symptoms],[Report],[Deleted]) VALUES (45,11,1,'2023-01-11 19:58:29.8367468','DoctorSelectedPrescriptions','',NULL,NULL,0					  )
INSERT [dbo].[DoctorExaminationEvents] ([Id],[AggregateId],[phase],[selectionTime],[Discriminator],[Prescriptions],[Symptoms],[Report],[Deleted]) VALUES (46,11,6,'2023-01-11 19:58:30.5579890','BackToPrescriptionsSelection',NULL,NULL,NULL,0				  )
INSERT [dbo].[DoctorExaminationEvents] ([Id],[AggregateId],[phase],[selectionTime],[Discriminator],[Prescriptions],[Symptoms],[Report],[Deleted]) VALUES (47,11,5,'2023-01-11 19:58:31.6187679','BackToReportWritten',NULL,NULL,NULL,0						  )
INSERT [dbo].[DoctorExaminationEvents] ([Id],[AggregateId],[phase],[selectionTime],[Discriminator],[Prescriptions],[Symptoms],[Report],[Deleted]) VALUES (48,11,4,'2023-01-11 19:58:32.9201965','BackToSymptomsSelection',NULL,NULL,NULL,0					  )
INSERT [dbo].[DoctorExaminationEvents] ([Id],[AggregateId],[phase],[selectionTime],[Discriminator],[Prescriptions],[Symptoms],[Report],[Deleted]) VALUES (49,12,1,'2023-01-11 19:58:33.8235336','DoctorSelectedSymptoms',NULL,'',NULL,0						  )
INSERT [dbo].[DoctorExaminationEvents] ([Id],[AggregateId],[phase],[selectionTime],[Discriminator],[Prescriptions],[Symptoms],[Report],[Deleted]) VALUES (50,12,1,'2023-01-11 19:58:35.1792776','DoctorWriteReport',NULL,NULL,'',0							  )
INSERT [dbo].[DoctorExaminationEvents] ([Id],[AggregateId],[phase],[selectionTime],[Discriminator],[Prescriptions],[Symptoms],[Report],[Deleted]) VALUES (51,12,1,'2023-01-11 19:58:35.8840641','DoctorSelectedPrescriptions','',NULL,NULL,0					  )
INSERT [dbo].[DoctorExaminationEvents] ([Id],[AggregateId],[phase],[selectionTime],[Discriminator],[Prescriptions],[Symptoms],[Report],[Deleted]) VALUES (52,13,1,'2023-01-11 20:02:04.4674021','DoctorSelectedSymptoms',NULL,'',NULL,0						  )
INSERT [dbo].[DoctorExaminationEvents] ([Id],[AggregateId],[phase],[selectionTime],[Discriminator],[Prescriptions],[Symptoms],[Report],[Deleted]) VALUES (53,13,1,'2023-01-11 20:02:04.8673186','DoctorWriteReport',NULL,NULL,'',0							  )
INSERT [dbo].[DoctorExaminationEvents] ([Id],[AggregateId],[phase],[selectionTime],[Discriminator],[Prescriptions],[Symptoms],[Report],[Deleted]) VALUES (54,13,1,'2023-01-11 20:02:06.7543026','DoctorSelectedPrescriptions','',NULL,NULL,0					  )
INSERT [dbo].[DoctorExaminationEvents] ([Id],[AggregateId],[phase],[selectionTime],[Discriminator],[Prescriptions],[Symptoms],[Report],[Deleted]) VALUES (55,14,1,'2023-01-11 20:02:14.1635751','DoctorSelectedSymptoms',NULL,'',NULL,0						  )
INSERT [dbo].[DoctorExaminationEvents] ([Id],[AggregateId],[phase],[selectionTime],[Discriminator],[Prescriptions],[Symptoms],[Report],[Deleted]) VALUES (56,14,1,'2023-01-11 20:02:15.8670830','DoctorWriteReport',NULL,NULL,'',0							  )
INSERT [dbo].[DoctorExaminationEvents] ([Id],[AggregateId],[phase],[selectionTime],[Discriminator],[Prescriptions],[Symptoms],[Report],[Deleted]) VALUES (57,14,5,'2023-01-11 20:02:17.7583825','BackToReportWritten',NULL,NULL,NULL,0						  )
INSERT [dbo].[DoctorExaminationEvents] ([Id],[AggregateId],[phase],[selectionTime],[Discriminator],[Prescriptions],[Symptoms],[Report],[Deleted]) VALUES (58,14,1,'2023-01-11 20:02:18.6307301','DoctorWriteReport',NULL,NULL,'',0							  )
INSERT [dbo].[DoctorExaminationEvents] ([Id],[AggregateId],[phase],[selectionTime],[Discriminator],[Prescriptions],[Symptoms],[Report],[Deleted]) VALUES (59,14,5,'2023-01-11 20:02:19.9736155','BackToReportWritten',NULL,NULL,NULL,0						  )
INSERT [dbo].[DoctorExaminationEvents] ([Id],[AggregateId],[phase],[selectionTime],[Discriminator],[Prescriptions],[Symptoms],[Report],[Deleted]) VALUES (60,14,1,'2023-01-11 20:02:20.3263906','DoctorWriteReport',NULL,NULL,'',0							  )
INSERT [dbo].[DoctorExaminationEvents] ([Id],[AggregateId],[phase],[selectionTime],[Discriminator],[Prescriptions],[Symptoms],[Report],[Deleted]) VALUES (61,14,1,'2023-01-11 20:02:21.9912765','DoctorSelectedPrescriptions','',NULL,NULL,0					  )
INSERT [dbo].[DoctorExaminationEvents] ([Id],[AggregateId],[phase],[selectionTime],[Discriminator],[Prescriptions],[Symptoms],[Report],[Deleted]) VALUES (62,15,1,'2023-01-11 20:05:53.4411840','DoctorSelectedSymptoms',NULL,'',NULL,0						  )
INSERT [dbo].[DoctorExaminationEvents] ([Id],[AggregateId],[phase],[selectionTime],[Discriminator],[Prescriptions],[Symptoms],[Report],[Deleted]) VALUES (63,15,1,'2023-01-11 20:05:54.7069632','DoctorWriteReport',NULL,NULL,'',0							  )
INSERT [dbo].[DoctorExaminationEvents] ([Id],[AggregateId],[phase],[selectionTime],[Discriminator],[Prescriptions],[Symptoms],[Report],[Deleted]) VALUES (64,15,1,'2023-01-11 20:05:58.7975817','DoctorSelectedPrescriptions','',NULL,NULL,0					  )
INSERT [dbo].[DoctorExaminationEvents] ([Id],[AggregateId],[phase],[selectionTime],[Discriminator],[Prescriptions],[Symptoms],[Report],[Deleted]) VALUES (65,16,1,'2023-01-11 20:06:21.3669896','DoctorSelectedSymptoms',NULL,'',NULL,0						  )
INSERT [dbo].[DoctorExaminationEvents] ([Id],[AggregateId],[phase],[selectionTime],[Discriminator],[Prescriptions],[Symptoms],[Report],[Deleted]) VALUES (66,16,1,'2023-01-11 20:06:22.2771625','DoctorWriteReport',NULL,NULL,'',0							  )
INSERT [dbo].[DoctorExaminationEvents] ([Id],[AggregateId],[phase],[selectionTime],[Discriminator],[Prescriptions],[Symptoms],[Report],[Deleted]) VALUES (67,16,5,'2023-01-11 20:06:23.9509497','BackToReportWritten',NULL,NULL,NULL,0						  )
INSERT [dbo].[DoctorExaminationEvents] ([Id],[AggregateId],[phase],[selectionTime],[Discriminator],[Prescriptions],[Symptoms],[Report],[Deleted]) VALUES (68,16,1,'2023-01-11 20:06:24.5067478','DoctorWriteReport',NULL,NULL,'',0							  )
INSERT [dbo].[DoctorExaminationEvents] ([Id],[AggregateId],[phase],[selectionTime],[Discriminator],[Prescriptions],[Symptoms],[Report],[Deleted]) VALUES (69,16,1,'2023-01-11 20:06:26.1027684','DoctorSelectedPrescriptions','',NULL,NULL,0					  )
INSERT [dbo].[DoctorExaminationEvents] ([Id],[AggregateId],[phase],[selectionTime],[Discriminator],[Prescriptions],[Symptoms],[Report],[Deleted]) VALUES (70,17,1,'2023-01-11 20:08:37.4914276','DoctorSelectedSymptoms',NULL,'',NULL,0						  )
INSERT [dbo].[DoctorExaminationEvents] ([Id],[AggregateId],[phase],[selectionTime],[Discriminator],[Prescriptions],[Symptoms],[Report],[Deleted]) VALUES (71,17,4,'2023-01-11 20:08:39.6675547','BackToSymptomsSelection',NULL,NULL,NULL,0					  )
INSERT [dbo].[DoctorExaminationEvents] ([Id],[AggregateId],[phase],[selectionTime],[Discriminator],[Prescriptions],[Symptoms],[Report],[Deleted]) VALUES (72,18,1,'2023-01-11 20:08:41.8523585','DoctorSelectedSymptoms',NULL,'',NULL,0						  )
INSERT [dbo].[DoctorExaminationEvents] ([Id],[AggregateId],[phase],[selectionTime],[Discriminator],[Prescriptions],[Symptoms],[Report],[Deleted]) VALUES (73,18,1,'2023-01-11 20:08:43.3144839','DoctorWriteReport',NULL,NULL,'',0							  )
INSERT [dbo].[DoctorExaminationEvents] ([Id],[AggregateId],[phase],[selectionTime],[Discriminator],[Prescriptions],[Symptoms],[Report],[Deleted]) VALUES (74,18,5,'2023-01-11 20:08:47.9715315','BackToReportWritten',NULL,NULL,NULL,0						  )
INSERT [dbo].[DoctorExaminationEvents] ([Id],[AggregateId],[phase],[selectionTime],[Discriminator],[Prescriptions],[Symptoms],[Report],[Deleted]) VALUES (75,18,1,'2023-01-11 20:08:49.1185724','DoctorWriteReport',NULL,NULL,'',0							  )
INSERT [dbo].[DoctorExaminationEvents] ([Id],[AggregateId],[phase],[selectionTime],[Discriminator],[Prescriptions],[Symptoms],[Report],[Deleted]) VALUES (76,18,1,'2023-01-11 20:08:53.2860614','DoctorSelectedPrescriptions','',NULL,NULL,0					  )
INSERT [dbo].[DoctorExaminationEvents] ([Id],[AggregateId],[phase],[selectionTime],[Discriminator],[Prescriptions],[Symptoms],[Report],[Deleted]) VALUES (77,18,6,'2023-01-11 20:09:02.6440452','BackToPrescriptionsSelection',NULL,NULL,NULL,0				  )
INSERT [dbo].[DoctorExaminationEvents] ([Id],[AggregateId],[phase],[selectionTime],[Discriminator],[Prescriptions],[Symptoms],[Report],[Deleted]) VALUES (78,19,1,'2023-01-11 20:19:24.7296099','DoctorSelectedSymptoms',NULL,'',NULL,0						  )
INSERT [dbo].[DoctorExaminationEvents] ([Id],[AggregateId],[phase],[selectionTime],[Discriminator],[Prescriptions],[Symptoms],[Report],[Deleted]) VALUES (79,19,4,'2023-01-11 20:19:26.4661583','BackToSymptomsSelection',NULL,NULL,NULL,0					  )
INSERT [dbo].[DoctorExaminationEvents] ([Id],[AggregateId],[phase],[selectionTime],[Discriminator],[Prescriptions],[Symptoms],[Report],[Deleted]) VALUES (80,20,1,'2023-01-11 20:19:28.1686784','DoctorSelectedSymptoms',NULL,'',NULL,0						  )
INSERT [dbo].[DoctorExaminationEvents] ([Id],[AggregateId],[phase],[selectionTime],[Discriminator],[Prescriptions],[Symptoms],[Report],[Deleted]) VALUES (81,20,1,'2023-01-11 20:19:29.0345829','DoctorWriteReport',NULL,NULL,'',0							  )
INSERT [dbo].[DoctorExaminationEvents] ([Id],[AggregateId],[phase],[selectionTime],[Discriminator],[Prescriptions],[Symptoms],[Report],[Deleted]) VALUES (82,20,5,'2023-01-11 20:19:31.0611103','BackToReportWritten',NULL,NULL,NULL,0						  )
INSERT [dbo].[DoctorExaminationEvents] ([Id],[AggregateId],[phase],[selectionTime],[Discriminator],[Prescriptions],[Symptoms],[Report],[Deleted]) VALUES (83,20,1,'2023-01-11 20:19:31.8937331','DoctorWriteReport',NULL,NULL,'',0							  )
INSERT [dbo].[DoctorExaminationEvents] ([Id],[AggregateId],[phase],[selectionTime],[Discriminator],[Prescriptions],[Symptoms],[Report],[Deleted]) VALUES (84,20,1,'2023-01-11 20:19:33.6084873','DoctorSelectedPrescriptions','',NULL,NULL,0					  )
INSERT [dbo].[DoctorExaminationEvents] ([Id],[AggregateId],[phase],[selectionTime],[Discriminator],[Prescriptions],[Symptoms],[Report],[Deleted]) VALUES (85,20,1,'2023-01-11 20:30:43.0649760','DoctorSelectedSymptoms',NULL,'',NULL,0						  )
INSERT [dbo].[DoctorExaminationEvents] ([Id],[AggregateId],[phase],[selectionTime],[Discriminator],[Prescriptions],[Symptoms],[Report],[Deleted]) VALUES (86,21,1,'2023-01-11 20:30:44.4017984','DoctorWriteReport',NULL,NULL,'',0							  )
INSERT [dbo].[DoctorExaminationEvents] ([Id],[AggregateId],[phase],[selectionTime],[Discriminator],[Prescriptions],[Symptoms],[Report],[Deleted]) VALUES (87,22,1,'2023-01-11 20:31:01.5274204','DoctorSelectedSymptoms',NULL,'',NULL,0						  )
INSERT [dbo].[DoctorExaminationEvents] ([Id],[AggregateId],[phase],[selectionTime],[Discriminator],[Prescriptions],[Symptoms],[Report],[Deleted]) VALUES (88,22,1,'2023-01-11 20:31:03.4969515','DoctorWriteReport',NULL,NULL,'',0							  )
INSERT [dbo].[DoctorExaminationEvents] ([Id],[AggregateId],[phase],[selectionTime],[Discriminator],[Prescriptions],[Symptoms],[Report],[Deleted]) VALUES (89,22,1,'2023-01-11 20:31:06.4626924','DoctorSelectedPrescriptions','',NULL,NULL,0					  )
INSERT [dbo].[DoctorExaminationEvents] ([Id],[AggregateId],[phase],[selectionTime],[Discriminator],[Prescriptions],[Symptoms],[Report],[Deleted]) VALUES (90,23,1,'2023-01-11 20:32:00.2094814','DoctorSelectedSymptoms',NULL,'',NULL,0						  )
INSERT [dbo].[DoctorExaminationEvents] ([Id],[AggregateId],[phase],[selectionTime],[Discriminator],[Prescriptions],[Symptoms],[Report],[Deleted]) VALUES (91,23,4,'2023-01-11 20:32:01.8444642','BackToSymptomsSelection',NULL,NULL,NULL,0					  )
INSERT [dbo].[DoctorExaminationEvents] ([Id],[AggregateId],[phase],[selectionTime],[Discriminator],[Prescriptions],[Symptoms],[Report],[Deleted]) VALUES (92,24,1,'2023-01-11 20:32:03.3008426','DoctorSelectedSymptoms',NULL,'',NULL,0						  )
INSERT [dbo].[DoctorExaminationEvents] ([Id],[AggregateId],[phase],[selectionTime],[Discriminator],[Prescriptions],[Symptoms],[Report],[Deleted]) VALUES (93,24,4,'2023-01-11 20:32:04.2926509','BackToSymptomsSelection',NULL,NULL,NULL,0					  )
INSERT [dbo].[DoctorExaminationEvents] ([Id],[AggregateId],[phase],[selectionTime],[Discriminator],[Prescriptions],[Symptoms],[Report],[Deleted]) VALUES (94,25,1,'2023-01-11 20:32:05.4480667','DoctorSelectedSymptoms',NULL,'',NULL,0						  )
INSERT [dbo].[DoctorExaminationEvents] ([Id],[AggregateId],[phase],[selectionTime],[Discriminator],[Prescriptions],[Symptoms],[Report],[Deleted]) VALUES (95,25,4,'2023-01-11 20:32:05.8965397','BackToSymptomsSelection',NULL,NULL,NULL,0					  )
INSERT [dbo].[DoctorExaminationEvents] ([Id],[AggregateId],[phase],[selectionTime],[Discriminator],[Prescriptions],[Symptoms],[Report],[Deleted]) VALUES (96,26,1,'2023-01-11 20:32:06.8354425','DoctorSelectedSymptoms',NULL,'',NULL,0						  )
INSERT [dbo].[DoctorExaminationEvents] ([Id],[AggregateId],[phase],[selectionTime],[Discriminator],[Prescriptions],[Symptoms],[Report],[Deleted]) VALUES (97,26,1,'2023-01-11 20:32:07.0926754','DoctorWriteReport',NULL,NULL,'',0							  )
INSERT [dbo].[DoctorExaminationEvents] ([Id],[AggregateId],[phase],[selectionTime],[Discriminator],[Prescriptions],[Symptoms],[Report],[Deleted]) VALUES (98,26,1,'2023-01-11 20:32:08.8850252','DoctorSelectedPrescriptions','',NULL,NULL,0					  )
INSERT [dbo].[DoctorExaminationEvents] ([Id],[AggregateId],[phase],[selectionTime],[Discriminator],[Prescriptions],[Symptoms],[Report],[Deleted]) VALUES (99,27,1,'2023-01-11 20:32:20.9160879','DoctorSelectedSymptoms',NULL,'',NULL,0						  )
INSERT [dbo].[DoctorExaminationEvents] ([Id],[AggregateId],[phase],[selectionTime],[Discriminator],[Prescriptions],[Symptoms],[Report],[Deleted]) VALUES (100,27,1,'2023-01-11 20:32:24.3931450','DoctorWriteReport',NULL,NULL,'',0							  )
INSERT [dbo].[DoctorExaminationEvents] ([Id],[AggregateId],[phase],[selectionTime],[Discriminator],[Prescriptions],[Symptoms],[Report],[Deleted]) VALUES (101,27,5,'2023-01-11 20:32:26.4238422','BackToReportWritten',NULL,NULL,NULL,0						  )
INSERT [dbo].[DoctorExaminationEvents] ([Id],[AggregateId],[phase],[selectionTime],[Discriminator],[Prescriptions],[Symptoms],[Report],[Deleted]) VALUES (102,27,1,'2023-01-11 20:32:27.0843627','DoctorWriteReport',NULL,NULL,'',0							  )
INSERT [dbo].[DoctorExaminationEvents] ([Id],[AggregateId],[phase],[selectionTime],[Discriminator],[Prescriptions],[Symptoms],[Report],[Deleted]) VALUES (103,27,5,'2023-01-11 20:32:28.6986957','BackToReportWritten',NULL,NULL,NULL,0						  )
INSERT [dbo].[DoctorExaminationEvents] ([Id],[AggregateId],[phase],[selectionTime],[Discriminator],[Prescriptions],[Symptoms],[Report],[Deleted]) VALUES (104,27,1,'2023-01-11 20:32:31.1383293','DoctorWriteReport',NULL,NULL,'',0							  )
INSERT [dbo].[DoctorExaminationEvents] ([Id],[AggregateId],[phase],[selectionTime],[Discriminator],[Prescriptions],[Symptoms],[Report],[Deleted]) VALUES (105,27,5,'2023-01-11 20:32:32.3692303','BackToReportWritten',NULL,NULL,NULL,0						  )
INSERT [dbo].[DoctorExaminationEvents] ([Id],[AggregateId],[phase],[selectionTime],[Discriminator],[Prescriptions],[Symptoms],[Report],[Deleted]) VALUES (106,27,1,'2023-01-11 20:32:33.4825642','DoctorWriteReport',NULL,NULL,'',0							  )
INSERT [dbo].[DoctorExaminationEvents] ([Id],[AggregateId],[phase],[selectionTime],[Discriminator],[Prescriptions],[Symptoms],[Report],[Deleted]) VALUES (107,27,1,'2023-01-11 20:32:34.4340458','DoctorSelectedPrescriptions','',NULL,NULL,0					  )
INSERT [dbo].[DoctorExaminationEvents] ([Id],[AggregateId],[phase],[selectionTime],[Discriminator],[Prescriptions],[Symptoms],[Report],[Deleted]) VALUES (108,28,1,'2023-01-11 20:36:59.0030066','DoctorSelectedSymptoms',NULL,'',NULL,0						  )
INSERT [dbo].[DoctorExaminationEvents] ([Id],[AggregateId],[phase],[selectionTime],[Discriminator],[Prescriptions],[Symptoms],[Report],[Deleted]) VALUES (109,28,1,'2023-01-11 20:36:59.2610904','DoctorWriteReport',NULL,NULL,'',0							  )
INSERT [dbo].[DoctorExaminationEvents] ([Id],[AggregateId],[phase],[selectionTime],[Discriminator],[Prescriptions],[Symptoms],[Report],[Deleted]) VALUES (110,28,1,'2023-01-11 20:37:01.9477092','DoctorSelectedPrescriptions','',NULL,NULL,0					  )
INSERT [dbo].[DoctorExaminationEvents] ([Id],[AggregateId],[phase],[selectionTime],[Discriminator],[Prescriptions],[Symptoms],[Report],[Deleted]) VALUES (111,29,1,'2023-01-11 20:37:20.1791532','DoctorSelectedSymptoms',NULL,'',NULL,0						  )
INSERT [dbo].[DoctorExaminationEvents] ([Id],[AggregateId],[phase],[selectionTime],[Discriminator],[Prescriptions],[Symptoms],[Report],[Deleted]) VALUES (112,31,1,'2023-01-11 20:39:48.8250150','DoctorSelectedSymptoms',NULL,'',NULL,0						  )
INSERT [dbo].[DoctorExaminationEvents] ([Id],[AggregateId],[phase],[selectionTime],[Discriminator],[Prescriptions],[Symptoms],[Report],[Deleted]) VALUES (114,34,1,'2023-01-11 20:42:19.3571138','DoctorSelectedSymptoms',NULL,'',NULL,0						  )
INSERT [dbo].[DoctorExaminationEvents] ([Id],[AggregateId],[phase],[selectionTime],[Discriminator],[Prescriptions],[Symptoms],[Report],[Deleted]) VALUES (115,34,1,'2023-01-11 20:42:20.1960467','DoctorWriteReport',NULL,NULL,'',0							  )
INSERT [dbo].[DoctorExaminationEvents] ([Id],[AggregateId],[phase],[selectionTime],[Discriminator],[Prescriptions],[Symptoms],[Report],[Deleted]) VALUES (116,34,5,'2023-01-11 20:42:22.3218579','BackToReportWritten',NULL,NULL,NULL,0						  )
INSERT [dbo].[DoctorExaminationEvents] ([Id],[AggregateId],[phase],[selectionTime],[Discriminator],[Prescriptions],[Symptoms],[Report],[Deleted]) VALUES (117,34,1,'2023-01-11 20:42:24.7014234','DoctorWriteReport',NULL,NULL,'',0							  )
INSERT [dbo].[DoctorExaminationEvents] ([Id],[AggregateId],[phase],[selectionTime],[Discriminator],[Prescriptions],[Symptoms],[Report],[Deleted]) VALUES (118,34,1,'2023-01-11 20:42:26.5238372','DoctorSelectedPrescriptions','',NULL,NULL,0					  )
INSERT [dbo].[DoctorExaminationEvents] ([Id],[AggregateId],[phase],[selectionTime],[Discriminator],[Prescriptions],[Symptoms],[Report],[Deleted]) VALUES (119,34,6,'2023-01-11 20:42:29.1677732','BackToPrescriptionsSelection',NULL,NULL,NULL,0			  )
INSERT [dbo].[DoctorExaminationEvents] ([Id],[AggregateId],[phase],[selectionTime],[Discriminator],[Prescriptions],[Symptoms],[Report],[Deleted]) VALUES (120,34,5,'2023-01-11 20:42:32.0351504','BackToReportWritten',NULL,NULL,NULL,0						  )
INSERT [dbo].[DoctorExaminationEvents] ([Id],[AggregateId],[phase],[selectionTime],[Discriminator],[Prescriptions],[Symptoms],[Report],[Deleted]) VALUES (121,34,1,'2023-01-11 20:42:33.0690385','DoctorWriteReport',NULL,NULL,'',0							  )
INSERT [dbo].[DoctorExaminationEvents] ([Id],[AggregateId],[phase],[selectionTime],[Discriminator],[Prescriptions],[Symptoms],[Report],[Deleted]) VALUES (122,34,1,'2023-01-11 20:42:34.8121001','DoctorSelectedPrescriptions','',NULL,NULL,0					  )
INSERT [dbo].[DoctorExaminationEvents] ([Id],[AggregateId],[phase],[selectionTime],[Discriminator],[Prescriptions],[Symptoms],[Report],[Deleted]) VALUES (123,34,6,'2023-01-11 20:42:36.2098101','BackToPrescriptionsSelection',NULL,NULL,NULL,0			  )
INSERT [dbo].[DoctorExaminationEvents] ([Id],[AggregateId],[phase],[selectionTime],[Discriminator],[Prescriptions],[Symptoms],[Report],[Deleted]) VALUES (124,34,1,'2023-01-11 20:42:37.1791711','DoctorSelectedPrescriptions','',NULL,NULL,0					  )
INSERT [dbo].[DoctorExaminationEvents] ([Id],[AggregateId],[phase],[selectionTime],[Discriminator],[Prescriptions],[Symptoms],[Report],[Deleted]) VALUES (125,35,1,'2023-01-11 21:59:11.7049699','DoctorSelectedSymptoms',NULL,'',NULL,0						  )
INSERT [dbo].[DoctorExaminationEvents] ([Id],[AggregateId],[phase],[selectionTime],[Discriminator],[Prescriptions],[Symptoms],[Report],[Deleted]) VALUES (126,35,1,'2023-01-11 21:59:12.7983731','DoctorWriteReport',NULL,NULL,'',0							  )
INSERT [dbo].[DoctorExaminationEvents] ([Id],[AggregateId],[phase],[selectionTime],[Discriminator],[Prescriptions],[Symptoms],[Report],[Deleted]) VALUES (127,35,1,'2023-01-11 21:59:17.5904297','DoctorSelectedPrescriptions','',NULL,NULL,0					  )
INSERT [dbo].[DoctorExaminationEvents] ([Id],[AggregateId],[phase],[selectionTime],[Discriminator],[Prescriptions],[Symptoms],[Report],[Deleted]) VALUES (128,35,6,'2023-01-11 21:59:19.5440107','BackToPrescriptionsSelection',NULL,NULL,NULL,0			  )
INSERT [dbo].[DoctorExaminationEvents] ([Id],[AggregateId],[phase],[selectionTime],[Discriminator],[Prescriptions],[Symptoms],[Report],[Deleted]) VALUES (129,35,5,'2023-01-11 21:59:24.0002202','BackToReportWritten',NULL,NULL,NULL,0						  )
INSERT [dbo].[DoctorExaminationEvents] ([Id],[AggregateId],[phase],[selectionTime],[Discriminator],[Prescriptions],[Symptoms],[Report],[Deleted]) VALUES (130,35,4,'2023-01-11 21:59:25.4041076','BackToSymptomsSelection',NULL,NULL,NULL,0					  )
INSERT [dbo].[DoctorExaminationEvents] ([Id],[AggregateId],[phase],[selectionTime],[Discriminator],[Prescriptions],[Symptoms],[Report],[Deleted]) VALUES (131,36,1,'2023-01-11 21:59:27.5009911','DoctorSelectedSymptoms',NULL,'',NULL,0						  )
INSERT [dbo].[DoctorExaminationEvents] ([Id],[AggregateId],[phase],[selectionTime],[Discriminator],[Prescriptions],[Symptoms],[Report],[Deleted]) VALUES (132,36,1,'2023-01-11 21:59:27.9588546','DoctorWriteReport',NULL,NULL,'',0							  )
INSERT [dbo].[DoctorExaminationEvents] ([Id],[AggregateId],[phase],[selectionTime],[Discriminator],[Prescriptions],[Symptoms],[Report],[Deleted]) VALUES (133,36,1,'2023-01-11 21:59:31.4071710','DoctorSelectedPrescriptions','',NULL,NULL,0					  )
INSERT [dbo].[DoctorExaminationEvents] ([Id],[AggregateId],[phase],[selectionTime],[Discriminator],[Prescriptions],[Symptoms],[Report],[Deleted]) VALUES (134,37,1,'2023-01-11 22:04:20.7439253','DoctorSelectedSymptoms',NULL,'',NULL,0						  )
INSERT [dbo].[DoctorExaminationEvents] ([Id],[AggregateId],[phase],[selectionTime],[Discriminator],[Prescriptions],[Symptoms],[Report],[Deleted]) VALUES (135,37,1,'2023-01-11 22:04:21.2525086','DoctorWriteReport',NULL,NULL,'',0							  )
INSERT [dbo].[DoctorExaminationEvents] ([Id],[AggregateId],[phase],[selectionTime],[Discriminator],[Prescriptions],[Symptoms],[Report],[Deleted]) VALUES (136,37,1,'2023-01-11 22:04:23.0421119','DoctorSelectedPrescriptions','',NULL,NULL,0					  )
INSERT [dbo].[DoctorExaminationEvents] ([Id],[AggregateId],[phase],[selectionTime],[Discriminator],[Prescriptions],[Symptoms],[Report],[Deleted]) VALUES (137,37,6,'2023-01-11 22:04:24.3193736','BackToPrescriptionsSelection',NULL,NULL,NULL,0			  )
INSERT [dbo].[DoctorExaminationEvents] ([Id],[AggregateId],[phase],[selectionTime],[Discriminator],[Prescriptions],[Symptoms],[Report],[Deleted]) VALUES (138,37,5,'2023-01-11 22:04:27.9085100','BackToReportWritten',NULL,NULL,NULL,0						  )
INSERT [dbo].[DoctorExaminationEvents] ([Id],[AggregateId],[phase],[selectionTime],[Discriminator],[Prescriptions],[Symptoms],[Report],[Deleted]) VALUES (139,37,1,'2023-01-11 22:04:29.3123973','DoctorWriteReport',NULL,NULL,'',0							  )
INSERT [dbo].[DoctorExaminationEvents] ([Id],[AggregateId],[phase],[selectionTime],[Discriminator],[Prescriptions],[Symptoms],[Report],[Deleted]) VALUES (140,37,1,'2023-01-11 22:04:32.8974707','DoctorSelectedPrescriptions','',NULL,NULL,0					  )
INSERT [dbo].[DoctorExaminationEvents] ([Id],[AggregateId],[phase],[selectionTime],[Discriminator],[Prescriptions],[Symptoms],[Report],[Deleted]) VALUES (141,37,6,'2023-01-11 22:04:34.0094656','BackToPrescriptionsSelection',NULL,NULL,NULL,0			  )
INSERT [dbo].[DoctorExaminationEvents] ([Id],[AggregateId],[phase],[selectionTime],[Discriminator],[Prescriptions],[Symptoms],[Report],[Deleted]) VALUES (142,37,5,'2023-01-11 22:04:37.5237088','BackToReportWritten',NULL,NULL,NULL,0						  )
INSERT [dbo].[DoctorExaminationEvents] ([Id],[AggregateId],[phase],[selectionTime],[Discriminator],[Prescriptions],[Symptoms],[Report],[Deleted]) VALUES (143,37,1,'2023-01-11 22:04:38.6109232','DoctorWriteReport',NULL,NULL,'',0							  )
INSERT [dbo].[DoctorExaminationEvents] ([Id],[AggregateId],[phase],[selectionTime],[Discriminator],[Prescriptions],[Symptoms],[Report],[Deleted]) VALUES (144,37,1,'2023-01-11 22:04:41.6500247','DoctorSelectedPrescriptions','',NULL,NULL,0					  )
INSERT [dbo].[DoctorExaminationEvents] ([Id],[AggregateId],[phase],[selectionTime],[Discriminator],[Prescriptions],[Symptoms],[Report],[Deleted]) VALUES (145,37,6,'2023-01-11 22:04:42.8993446','BackToPrescriptionsSelection',NULL,NULL,NULL,0			  )
INSERT [dbo].[DoctorExaminationEvents] ([Id],[AggregateId],[phase],[selectionTime],[Discriminator],[Prescriptions],[Symptoms],[Report],[Deleted]) VALUES (146,37,5,'2023-01-11 22:04:46.6135232','BackToReportWritten',NULL,NULL,NULL,0						  )
INSERT [dbo].[DoctorExaminationEvents] ([Id],[AggregateId],[phase],[selectionTime],[Discriminator],[Prescriptions],[Symptoms],[Report],[Deleted]) VALUES (147,37,1,'2023-01-11 22:04:52.0039841','DoctorWriteReport',NULL,NULL,'',0							  )
INSERT [dbo].[DoctorExaminationEvents] ([Id],[AggregateId],[phase],[selectionTime],[Discriminator],[Prescriptions],[Symptoms],[Report],[Deleted]) VALUES (148,37,1,'2023-01-11 22:04:55.5482012','DoctorSelectedPrescriptions','',NULL,NULL,0					  )
INSERT [dbo].[DoctorExaminationEvents] ([Id],[AggregateId],[phase],[selectionTime],[Discriminator],[Prescriptions],[Symptoms],[Report],[Deleted]) VALUES (149,38,1,'2023-01-11 22:17:20.4688347','DoctorSelectedSymptoms',NULL,'',NULL,0						  )
INSERT [dbo].[DoctorExaminationEvents] ([Id],[AggregateId],[phase],[selectionTime],[Discriminator],[Prescriptions],[Symptoms],[Report],[Deleted]) VALUES (150,38,1,'2023-01-11 22:17:21.1432447','DoctorWriteReport',NULL,NULL,'',0							  )
INSERT [dbo].[DoctorExaminationEvents] ([Id],[AggregateId],[phase],[selectionTime],[Discriminator],[Prescriptions],[Symptoms],[Report],[Deleted]) VALUES (151,38,5,'2023-01-11 22:17:25.3510772','BackToReportWritten',NULL,NULL,NULL,0						  )
INSERT [dbo].[DoctorExaminationEvents] ([Id],[AggregateId],[phase],[selectionTime],[Discriminator],[Prescriptions],[Symptoms],[Report],[Deleted]) VALUES (152,38,1,'2023-01-11 22:17:26.5439202','DoctorWriteReport',NULL,NULL,'',0							  )
INSERT [dbo].[DoctorExaminationEvents] ([Id],[AggregateId],[phase],[selectionTime],[Discriminator],[Prescriptions],[Symptoms],[Report],[Deleted]) VALUES (153,38,5,'2023-01-11 22:17:31.8426201','BackToReportWritten',NULL,NULL,NULL,0						  )
INSERT [dbo].[DoctorExaminationEvents] ([Id],[AggregateId],[phase],[selectionTime],[Discriminator],[Prescriptions],[Symptoms],[Report],[Deleted]) VALUES (154,38,1,'2023-01-11 22:17:34.2843707','DoctorWriteReport',NULL,NULL,'',0							  )
INSERT [dbo].[DoctorExaminationEvents] ([Id],[AggregateId],[phase],[selectionTime],[Discriminator],[Prescriptions],[Symptoms],[Report],[Deleted]) VALUES (155,38,5,'2023-01-11 22:17:37.2075679','BackToReportWritten',NULL,NULL,NULL,0						  )
INSERT [dbo].[DoctorExaminationEvents] ([Id],[AggregateId],[phase],[selectionTime],[Discriminator],[Prescriptions],[Symptoms],[Report],[Deleted]) VALUES (156,38,1,'2023-01-11 22:17:38.1327612','DoctorWriteReport',NULL,NULL,'',0							  )
INSERT [dbo].[DoctorExaminationEvents] ([Id],[AggregateId],[phase],[selectionTime],[Discriminator],[Prescriptions],[Symptoms],[Report],[Deleted]) VALUES (157,38,1,'2023-01-11 22:17:41.2695221','DoctorSelectedPrescriptions','',NULL,NULL,0					  )
INSERT [dbo].[DoctorExaminationEvents] ([Id],[AggregateId],[phase],[selectionTime],[Discriminator],[Prescriptions],[Symptoms],[Report],[Deleted]) VALUES (158,38,6,'2023-01-11 22:17:42.4948429','BackToPrescriptionsSelection',NULL,NULL,NULL,0			  )
INSERT [dbo].[DoctorExaminationEvents] ([Id],[AggregateId],[phase],[selectionTime],[Discriminator],[Prescriptions],[Symptoms],[Report],[Deleted]) VALUES (159,38,1,'2023-01-11 22:17:45.8948612','DoctorSelectedPrescriptions','',NULL,NULL,0					  )
INSERT [dbo].[DoctorExaminationEvents] ([Id],[AggregateId],[phase],[selectionTime],[Discriminator],[Prescriptions],[Symptoms],[Report],[Deleted]) VALUES (160,39,1,'2023-01-11 22:17:55.9989672','DoctorSelectedSymptoms',NULL,'',NULL,0						  )
INSERT [dbo].[DoctorExaminationEvents] ([Id],[AggregateId],[phase],[selectionTime],[Discriminator],[Prescriptions],[Symptoms],[Report],[Deleted]) VALUES (161,39,1,'2023-01-11 22:17:56.4732933','DoctorWriteReport',NULL,NULL,'',0							  )
INSERT [dbo].[DoctorExaminationEvents] ([Id],[AggregateId],[phase],[selectionTime],[Discriminator],[Prescriptions],[Symptoms],[Report],[Deleted]) VALUES (162,39,5,'2023-01-11 22:18:00.4236994','BackToReportWritten',NULL,NULL,NULL,0						  )
INSERT [dbo].[DoctorExaminationEvents] ([Id],[AggregateId],[phase],[selectionTime],[Discriminator],[Prescriptions],[Symptoms],[Report],[Deleted]) VALUES (163,39,1,'2023-01-11 22:18:01.2011061','DoctorWriteReport',NULL,NULL,'',0							  )
INSERT [dbo].[DoctorExaminationEvents] ([Id],[AggregateId],[phase],[selectionTime],[Discriminator],[Prescriptions],[Symptoms],[Report],[Deleted]) VALUES (164,39,5,'2023-01-11 22:18:04.3770118','BackToReportWritten',NULL,NULL,NULL,0						  )
INSERT [dbo].[DoctorExaminationEvents] ([Id],[AggregateId],[phase],[selectionTime],[Discriminator],[Prescriptions],[Symptoms],[Report],[Deleted]) VALUES (165,39,1,'2023-01-11 22:18:05.8532090','DoctorWriteReport',NULL,NULL,'',0							  )
INSERT [dbo].[DoctorExaminationEvents] ([Id],[AggregateId],[phase],[selectionTime],[Discriminator],[Prescriptions],[Symptoms],[Report],[Deleted]) VALUES (166,39,1,'2023-01-11 22:18:08.6347435','DoctorSelectedPrescriptions','',NULL,NULL,0					  )
INSERT [dbo].[DoctorExaminationEvents] ([Id],[AggregateId],[phase],[selectionTime],[Discriminator],[Prescriptions],[Symptoms],[Report],[Deleted]) VALUES (167,39,6,'2023-01-11 22:18:09.7867080','BackToPrescriptionsSelection',NULL,NULL,NULL,0			  )
INSERT [dbo].[DoctorExaminationEvents] ([Id],[AggregateId],[phase],[selectionTime],[Discriminator],[Prescriptions],[Symptoms],[Report],[Deleted]) VALUES (168,39,1,'2023-01-11 22:18:13.1708148','DoctorSelectedPrescriptions','',NULL,NULL,0					  )
INSERT [dbo].[DoctorExaminationEvents] ([Id],[AggregateId],[phase],[selectionTime],[Discriminator],[Prescriptions],[Symptoms],[Report],[Deleted]) VALUES (169,41,1,'2023-01-12 00:26:55.8731901','DoctorSelectedSymptoms,NULL','',NULL,NULL,0						  )
INSERT [dbo].[DoctorExaminationEvents] ([Id],[AggregateId],[phase],[selectionTime],[Discriminator],[Prescriptions],[Symptoms],[Report],[Deleted]) VALUES (170,41,4,'2023-01-12 00:26:57.3274101','BackToSymptomsSelection',NULL,NULL,NULL,0					  )
INSERT [dbo].[DoctorExaminationEvents] ([Id],[AggregateId],[phase],[selectionTime],[Discriminator],[Prescriptions],[Symptoms],[Report],[Deleted]) VALUES (171,42,1,'2023-01-12 00:26:58.9517008','DoctorSelectedSymptoms',NULL,'',NULL,0						  )
INSERT [dbo].[DoctorExaminationEvents] ([Id],[AggregateId],[phase],[selectionTime],[Discriminator],[Prescriptions],[Symptoms],[Report],[Deleted]) VALUES (172,42,1,'2023-01-12 00:26:59.3995274','DoctorWriteReport',NULL,NULL,'',0							  )
INSERT [dbo].[DoctorExaminationEvents] ([Id],[AggregateId],[phase],[selectionTime],[Discriminator],[Prescriptions],[Symptoms],[Report],[Deleted]) VALUES (173,42,1,'2023-01-12 00:27:03.3304636','DoctorSelectedPrescriptions','',NULL,NULL,0					  )
INSERT [dbo].[DoctorExaminationEvents] ([Id],[AggregateId],[phase],[selectionTime],[Discriminator],[Prescriptions],[Symptoms],[Report],[Deleted]) VALUES (174,42,6,'2023-01-12 00:27:04.3011790','BackToPrescriptionsSelection',NULL,NULL,NULL,0			  )
INSERT [dbo].[DoctorExaminationEvents] ([Id],[AggregateId],[phase],[selectionTime],[Discriminator],[Prescriptions],[Symptoms],[Report],[Deleted]) VALUES (175,42,5,'2023-01-12 00:27:07.8690551','BackToReportWritten',NULL,NULL,NULL,0						  )
INSERT [dbo].[DoctorExaminationEvents] ([Id],[AggregateId],[phase],[selectionTime],[Discriminator],[Prescriptions],[Symptoms],[Report],[Deleted]) VALUES (179,43,1,'2023-01-12 00:27:14.3023730','DoctorSelectedPrescriptions','',NULL,NULL,0                   )
INSERT [dbo].[DoctorExaminationEvents] ([Id],[AggregateId],[phase],[selectionTime],[Discriminator],[Prescriptions],[Symptoms],[Report],[Deleted]) VALUES (176,42,4,'2023-01-12 00:27:08.6614957','BackToSymptomsSelection',NULL,NULL,NULL,0					  )
INSERT [dbo].[DoctorExaminationEvents] ([Id],[AggregateId],[phase],[selectionTime],[Discriminator],[Prescriptions],[Symptoms],[Report],[Deleted]) VALUES (177,43,1,'2023-01-12 00:27:11.1101822','DoctorSelectedSymptoms',NULL,'',NULL,0						  )
INSERT [dbo].[DoctorExaminationEvents] ([Id],[AggregateId],[phase],[selectionTime],[Discriminator],[Prescriptions],[Symptoms],[Report],[Deleted]) VALUES (178,43,1,'2023-01-12 00:27:11.5174538','DoctorWriteReport',NULL,NULL,'',0							  )
SET IDENTITY_INSERT [dbo].[DoctorExaminationEvents] OFF
GO
SET IDENTITY_INSERT [dbo].[DoctorSchedule] ON 

INSERT [dbo].[DoctorSchedule] ([DoctorId], [Id], [Day], [Shift_StartTime_Hour], [Shift_StartTime_Minute], [Shift_EndTime_Hour], [Shift_EndTime_Minute]) VALUES (1, 1, 1, 8, 0, 12, 0)
INSERT [dbo].[DoctorSchedule] ([DoctorId], [Id], [Day], [Shift_StartTime_Hour], [Shift_StartTime_Minute], [Shift_EndTime_Hour], [Shift_EndTime_Minute]) VALUES (1, 2, 2, 8, 0, 12, 0)
INSERT [dbo].[DoctorSchedule] ([DoctorId], [Id], [Day], [Shift_StartTime_Hour], [Shift_StartTime_Minute], [Shift_EndTime_Hour], [Shift_EndTime_Minute]) VALUES (1, 3, 3, 8, 0, 12, 0)
INSERT [dbo].[DoctorSchedule] ([DoctorId], [Id], [Day], [Shift_StartTime_Hour], [Shift_StartTime_Minute], [Shift_EndTime_Hour], [Shift_EndTime_Minute]) VALUES (1, 4, 4, 8, 0, 12, 0)
INSERT [dbo].[DoctorSchedule] ([DoctorId], [Id], [Day], [Shift_StartTime_Hour], [Shift_StartTime_Minute], [Shift_EndTime_Hour], [Shift_EndTime_Minute]) VALUES (1, 5, 5, 8, 0, 12, 0)

INSERT [dbo].[DoctorSchedule] ([DoctorId], [Id], [Day], [Shift_StartTime_Hour], [Shift_StartTime_Minute], [Shift_EndTime_Hour], [Shift_EndTime_Minute]) VALUES (2, 6, 1, 8, 0, 12, 0)
INSERT [dbo].[DoctorSchedule] ([DoctorId], [Id], [Day], [Shift_StartTime_Hour], [Shift_StartTime_Minute], [Shift_EndTime_Hour], [Shift_EndTime_Minute]) VALUES (2, 7, 2, 8, 0, 12, 0)
INSERT [dbo].[DoctorSchedule] ([DoctorId], [Id], [Day], [Shift_StartTime_Hour], [Shift_StartTime_Minute], [Shift_EndTime_Hour], [Shift_EndTime_Minute]) VALUES (2, 8, 3, 8, 0, 12, 0)
INSERT [dbo].[DoctorSchedule] ([DoctorId], [Id], [Day], [Shift_StartTime_Hour], [Shift_StartTime_Minute], [Shift_EndTime_Hour], [Shift_EndTime_Minute]) VALUES (2, 9, 4, 8, 0, 12, 0)
INSERT [dbo].[DoctorSchedule] ([DoctorId], [Id], [Day], [Shift_StartTime_Hour], [Shift_StartTime_Minute], [Shift_EndTime_Hour], [Shift_EndTime_Minute]) VALUES (2, 10, 5, 8, 0, 12, 0)

INSERT [dbo].[DoctorSchedule] ([DoctorId], [Id], [Day], [Shift_StartTime_Hour], [Shift_StartTime_Minute], [Shift_EndTime_Hour], [Shift_EndTime_Minute]) VALUES (3, 11, 1, 8, 0, 12, 0)
INSERT [dbo].[DoctorSchedule] ([DoctorId], [Id], [Day], [Shift_StartTime_Hour], [Shift_StartTime_Minute], [Shift_EndTime_Hour], [Shift_EndTime_Minute]) VALUES (3, 12, 2, 8, 0, 12, 0)
INSERT [dbo].[DoctorSchedule] ([DoctorId], [Id], [Day], [Shift_StartTime_Hour], [Shift_StartTime_Minute], [Shift_EndTime_Hour], [Shift_EndTime_Minute]) VALUES (3, 13, 3, 8, 0, 12, 0)
INSERT [dbo].[DoctorSchedule] ([DoctorId], [Id], [Day], [Shift_StartTime_Hour], [Shift_StartTime_Minute], [Shift_EndTime_Hour], [Shift_EndTime_Minute]) VALUES (3, 14, 4, 8, 0, 12, 0)
INSERT [dbo].[DoctorSchedule] ([DoctorId], [Id], [Day], [Shift_StartTime_Hour], [Shift_StartTime_Minute], [Shift_EndTime_Hour], [Shift_EndTime_Minute]) VALUES (3, 15, 5, 8, 0, 12, 0)

INSERT [dbo].[DoctorSchedule] ([DoctorId], [Id], [Day], [Shift_StartTime_Hour], [Shift_StartTime_Minute], [Shift_EndTime_Hour], [Shift_EndTime_Minute]) VALUES (4, 16, 1, 8, 0, 12, 0)
INSERT [dbo].[DoctorSchedule] ([DoctorId], [Id], [Day], [Shift_StartTime_Hour], [Shift_StartTime_Minute], [Shift_EndTime_Hour], [Shift_EndTime_Minute]) VALUES (4, 17, 2, 8, 0, 12, 0)
INSERT [dbo].[DoctorSchedule] ([DoctorId], [Id], [Day], [Shift_StartTime_Hour], [Shift_StartTime_Minute], [Shift_EndTime_Hour], [Shift_EndTime_Minute]) VALUES (4, 18, 3, 8, 0, 12, 0)
INSERT [dbo].[DoctorSchedule] ([DoctorId], [Id], [Day], [Shift_StartTime_Hour], [Shift_StartTime_Minute], [Shift_EndTime_Hour], [Shift_EndTime_Minute]) VALUES (4, 19, 4, 8, 0, 12, 0)
INSERT [dbo].[DoctorSchedule] ([DoctorId], [Id], [Day], [Shift_StartTime_Hour], [Shift_StartTime_Minute], [Shift_EndTime_Hour], [Shift_EndTime_Minute]) VALUES (4, 20, 5, 8, 0, 12, 0)

INSERT [dbo].[DoctorSchedule] ([DoctorId], [Id], [Day], [Shift_StartTime_Hour], [Shift_StartTime_Minute], [Shift_EndTime_Hour], [Shift_EndTime_Minute]) VALUES (5, 21, 1, 8, 0, 12, 0)
INSERT [dbo].[DoctorSchedule] ([DoctorId], [Id], [Day], [Shift_StartTime_Hour], [Shift_StartTime_Minute], [Shift_EndTime_Hour], [Shift_EndTime_Minute]) VALUES (5, 22, 2, 8, 0, 12, 0)

INSERT [dbo].[DoctorSchedule] ([DoctorId], [Id], [Day], [Shift_StartTime_Hour], [Shift_StartTime_Minute], [Shift_EndTime_Hour], [Shift_EndTime_Minute]) VALUES (6, 23, 3, 8, 0, 12, 0)
INSERT [dbo].[DoctorSchedule] ([DoctorId], [Id], [Day], [Shift_StartTime_Hour], [Shift_StartTime_Minute], [Shift_EndTime_Hour], [Shift_EndTime_Minute]) VALUES (6, 24, 4, 8, 0, 12, 0)

SET IDENTITY_INSERT [dbo].[DoctorSchedule] OFF

GO
SET IDENTITY_INSERT [dbo].[Feedbacks] ON 

INSERT [dbo].[Feedbacks] ([Id], [Description], [IsAnonimous], [IsPublic], [DateCreated], [UserId], [Status], [Deleted]) VALUES (1, 'Great experience', 0, 1, '2023-01-12 08:00:00.0000000', 9 ,1 ,0)
INSERT [dbo].[Feedbacks] ([Id], [Description], [IsAnonimous], [IsPublic], [DateCreated], [UserId], [Status], [Deleted]) VALUES (2, 'Generally unpleasant experience during examination', 1, 1, '2022-12-12 08:00:00.0000000', 9 ,1 ,0)
INSERT [dbo].[Feedbacks] ([Id], [Description], [IsAnonimous], [IsPublic], [DateCreated], [UserId], [Status], [Deleted]) VALUES (3, 'The atmosphere in the clinic was amazing', 0, 1, '2022-12-31 08:00:00.0000000', 8 ,1 ,0)
INSERT [dbo].[Feedbacks] ([Id], [Description], [IsAnonimous], [IsPublic], [DateCreated], [UserId], [Status], [Deleted]) VALUES (4, 'I really enjoyed the christmas decoration', 0, 1, '2022-12-25 08:00:00.0000000', 10 ,1 ,0)
INSERT [dbo].[Feedbacks] ([Id], [Description], [IsAnonimous], [IsPublic], [DateCreated], [UserId], [Status], [Deleted]) VALUES (5, 'Everything seemed alright', 1, 1, '2022-11-12 08:00:00.0000000', 9 ,1 ,0)
SET IDENTITY_INSERT [dbo].[Feedbacks] OFF
